timestamp_ns,t_s,sensor_id,ax,ay,gz
5706840035061,0.193120313,3,4.339490509033203,-5.347449407958984,-3.618320610687023
5706864694852,0.217780104,3,4.299986181640625,-4.135983367919922,-36.86259541984733
5706889642873,0.242728125,3,3.475183709716797,-2.427720483398437,-55.87022900763359
5706914614488,0.26769974,3,4.516661431884765,-2.165555401611328,-49.099236641221374
5706939591727,0.292676979,3,3.679887951660156,-1.838746875,-27.099236641221374
5706964611779,0.317697031,3,3.9827544616699218,-1.5921441040039062,-17.396946564885496
5706989628342,0.342713594,3,4.605246893310547,-2.7724855224609373,19.625954198473284
5707014633654,0.367718906,3,3.7397429931640622,-4.351461517333984,57.51145038167939
5707039621415,0.392706667,3,2.615665313720703,-4.474762902832031,30.38167938931298
5707064588863,0.417674115,3,2.741360900878906,-2.6216508178710938,-33.9236641221374
5707089617613,0.442702865,3,3.4727895080566404,-1.1324573852539062,-67.23664122137404
5707114621050,0.467706302,3,4.33470210571289,-1.1552023010253905,-48.00763358778626
5707139593863,0.492679115,3,4.933252520751953,-2.194285821533203,-18.076335877862597
5707164608342,0.517693594,3,5.116408947753906,-2.8730419921875,1.1297709923664123
5707189601571,0.542686823,3,5.421669659423828,-2.858676782226562,-1.3435114503816794
5707214633290,0.567718542,3,4.3251252990722655,-2.741360900878906,14.694656488549619
5707239584175,0.592669427,3,4.110844250488281,-2.722207287597656,21.106870229007633
5707264587612,0.617672864,3,3.545812658691406,-3.19865341796875,36.69465648854962
5707289579279,0.642664531,3,3.049015814208984,-3.7134067749023436,39.404580152671755
5707314617821,0.667703073,3,3.3111808959960936,-4.150348577880859,26.480916030534353
5707339588654,0.692673906,3,2.6575638427734374,-4.011484881591796,19.137404580152673
5707364588185,0.717673437,3,1.9907786804199217,-3.393780853271484,-0.5954198473282443
5707389609331,0.742694583,3,2.3044190979003907,-2.003946789550781,-43.25190839694657
5707414636206,0.767721458,3,3.2237925354003902,-1.2880804931640624,-56.961832061068705
5707439593394,0.792678646,3,3.88818349609375,-1.6711527587890624,-39.25190839694657
5707464612300,0.817697552,3,4.991910461425781,-2.375048046875,-24.3206106870229
5707489633081,0.842718333,3,4.959588739013672,-2.483984222412109,-12.618320610687023
5707514654956,0.867740208,3,5.270834954833984,-2.412158172607422,-10.854961832061068
5707539585529,0.892670781,3,4.770446807861328,-2.501940734863281,2.4427480916030535
5707564589331,0.917674583,3,4.018667486572266,-2.231395947265625,9.16793893129771
5707589609227,0.942694479,3,3.706224169921875,-1.9668366638183592,6.435114503816794
5707614621154,0.967706406,3,3.3638533325195312,-2.1835119140624997,16.938931297709924
5707639589644,0.992674896,3,3.038241906738281,-2.849099975585937,30.748091603053435
5707664600529,1.017685781,3,2.5809493896484375,-3.201047619628906,22.076335877862597
5707689598862,1.042684114,3,2.389413256835937,-2.931699932861328,-1.5190839694656488
5707714628029,1.067713281,3,2.3331495178222657,-1.9572598571777342,-29.946564885496183
5707739610477,1.092695729,3,3.0813375366210938,-1.0989385620117187,-43.12977099236641
5707764602248,1.1176875,3,3.6164416076660153,-1.1348515869140625,-26.82442748091603
5707789627352,1.142712604,3,4.1766847961425775,-1.7429788085937499,-9.854961832061068
5707814674852,1.167760104,3,3.5027170288085934,-2.176329309082031,-11.366412213740459
5707839607352,1.192692604,3,4.121618157958984,-1.936909143066406,-43.74809160305343
5707864597248,1.2176825,3,4.7584757995605464,-1.1767501159667968,-67.80916030534351
5707889599696,1.242684948,3,5.404910247802734,0.033518823242187495,-77.4885496183206
5707914605008,1.26769026,3,5.365405920410156,0.842758984375,-58.37404580152672
5707939592039,1.292677291,3,4.44363828125,0.7613561279296874,-18.30534351145038
5707964593914,1.317679166,3,3.5721488769531247,0.11252747802734374,22.16030534351145
5707989630737,1.342715989,3,3.2453403503417966,-0.23702596435546874,29.83969465648855
5708014835685,1.367920937,3,3.306392492675781,-0.45489831542968745,36.6793893129771
5708039601623,1.392686875,3,3.345896820068359,-1.052251629638672,31.625954198473284
5708064598862,1.417684114,3,4.16231958618164,-1.5191209533691405,6.236641221374046
5708089600268,1.44268552,3,4.108450048828125,-1.8830396057128904,0.732824427480916
5708114627300,1.467712552,3,3.6655227416992187,-1.4784195251464842,-1.7557251908396947
5708139592925,1.492678177,3,3.076549133300781,-0.7445967163085937,-14.320610687022901
5708164600008,1.51768526,3,2.7641058166503907,0.1927332336425781,-16.068702290076335
5708189617039,1.542702291,3,2.1643583007812497,-0.08978256225585937,7.961832061068702
5708214624852,1.567710104,3,2.357091534423828,-0.5961562133789062,8.022900763358779
5708239593966,1.592679218,3,2.906560815429687,-0.22505495605468748,-13.374045801526718
5708264596258,1.61768151,3,3.3482910217285156,-0.4572925170898437,-24.519083969465647
5708289625112,1.642710364,3,3.4739866088867184,-0.41539398803710936,-31.770992366412212
5708314571987,1.667657239,3,3.8187516479492185,0.08738836059570312,-35.3206106870229
5708339599591,1.692684843,3,4.170699291992188,0.3591302490234375,-35.32824427480916
5708364593862,1.717679114,3,4.689043951416015,0.16879121704101563,-27.717557251908396
5708389610477,1.742695729,3,4.448426684570312,0.2166752502441406,-18.053435114503817
5708414631050,1.767716302,3,4.279635467529297,0.22026655273437498,-7.580152671755725
5708439596622,1.792681874,3,4.023455889892578,0.08379705810546874,5.534351145038168
5708464628914,1.817714166,3,3.4392706848144527,-0.42018239135742186,24.916030534351144
5708489609591,1.842694843,3,2.522291448974609,-0.03232172241210937,32.93893129770992
5708514629956,1.867715208,3,1.6531962463378904,0.1292868896484375,24.82442748091603
5708539592768,1.89267802,3,2.0362685119628905,0.26216508178710934,1.5801526717557253
5708564602352,1.917687604,3,2.7641058166503907,-0.8319850769042968,-1.4580152671755726
5708589619643,1.942704895,3,3.6715082458496093,-1.1288660827636718,-15.48091603053435
5708614561518,1.96764677,3,3.189076611328125,-0.07422025146484375,-28.580152671755727
5708639610216,1.992695468,3,2.3259669128417966,0.6021417175292968,-33.732824427480914
5708664604799,2.017690051,3,1.6340426330566404,1.1073182678222655,-29.84732824427481
5708689632247,2.042717499,3,1.915361328125,1.37906015625,-22.519083969465647
5708714745060,2.067830312,3,2.7186159851074216,0.9876081848144531,-15.67175572519084
5708739615529,2.092700781,3,3.5482068603515624,0.26815058593749996,-14.908396946564885
5708764615476,2.117700728,3,4.390965844726562,0.21308394775390624,-22.061068702290076
5708789615841,2.142701093,3,4.553771557617187,0.5351040710449219,-23.14503816793893
5708814677143,2.167762395,3,3.9695863525390624,0.9612719665527343,-18.404580152671755
5708839654956,2.192740208,3,3.5098996337890624,0.6775590698242188,6.022900763358779
5708864553497,2.217638749,3,2.807201446533203,0.814028564453125,18.198473282442748
5708889604487,2.242689739,3,1.9764134704589842,0.5063736511230469,40.83969465648855
5708914789018,2.26787427,3,0.5363011718749999,0.0909796630859375,54.267175572519086
5708939598081,2.292683333,3,0.07422025146484375,1.0211270080566406,27.03053435114504
5708964595320,2.317680572,3,0.1304839904785156,0.9516951599121093,21.900763358778626
5708989642403,2.342727655,3,0.9888052856445312,-0.09935936889648436,17.46564885496183
5709014619591,2.367704843,3,1.9943699829101562,-0.2753331909179687,-8.290076335877863
5709039602612,2.392687864,3,2.978386865234375,-0.1867477294921875,-24.480916030534353
5709064610789,2.417696041,3,3.4919431213378904,-0.10295067138671875,-35.900763358778626
5709089618549,2.442703801,3,3.6571430358886716,0.3124433166503906,-43.67175572519084
5709114588445,2.467673697,3,3.614047406005859,0.967257470703125,-39.87786259541985
5709139616726,2.492701978,3,3.3686417358398435,1.265335577392578,-20.633587786259543
5709164607664,2.517692916,3,2.3810335510253906,1.0809820495605469,9.488549618320612
5709189618758,2.54270401,3,1.8255787658691405,0.9888052856445312,31.435114503816795
5709214597976,2.567683228,3,1.1085153686523437,1.199495031738281,39.541984732824424
5709239598966,2.592684218,3,0.6931213806152343,0.7433996154785156,38.82442748091603
5709264604539,2.617689791,3,0.8834604125976562,-0.3459621398925781,30.022900763358777
5709289606987,2.642692239,3,1.5837643981933593,-0.28969840087890625,0.7709923664122137
5709314641778,2.66772703,3,2.0374656127929685,0.43933600463867184,-30.442748091603054
5709339529278,2.69261453,3,2.7473464050292966,0.6284779357910156,-41.06106870229008
5709364611726,2.717696978,3,3.248931652832031,0.7984662536621093,-45.3587786259542
5709389611257,2.742696509,3,3.7193922790527343,0.9923965881347656,-45.099236641221374
5709414612768,2.76769802,3,4.746504791259765,1.2078747375488281,-29.770992366412212
5709439600528,2.79268578,3,4.267664459228516,0.5470750793457031,5.564885496183206
5709464611414,2.817696666,3,2.9448680419921875,0.34237083740234375,43.54961832061068
5709489603341,2.842688593,3,0.5015852478027344,1.4808137268066406,60.099236641221374
5709514641726,2.867726978,3,0.044292730712890624,2.021903302001953,47.23664122137404
5709539599851,2.892685103,3,-0.037110125732421874,0.2501940734863281,53.38931297709924
5709564611414,2.917696666,3,0.9277531433105468,-1.0199299072265624,29.717557251908396
5709589630841,2.942716093,3,2.1224597717285154,-0.978031378173828,-16.786259541984734
5709614615268,2.96770052,3,2.6372131286621094,-0.14724340209960937,-44.87786259541985
5709639604226,2.992689478,3,3.1172505615234374,0.8355763793945312,-70.69465648854961
5709664628132,3.017713384,3,3.0322564025878904,1.8722656982421875,-78.47328244274809
5709689615112,3.042700364,3,3.1794998046874996,2.269703173828125,-56.969465648854964
5709714638028,3.06772328,3,3.268085266113281,2.3343466186523436,-22.213740458015266
5709739603705,3.092688957,3,2.943670941162109,1.6603788513183593,11.931297709923664
5709764599591,3.117684843,3,3.0166940917968748,0.7577648254394531,33.02290076335878
5709789627195,3.142712447,3,2.8658593872070313,0.051475335693359374,38.98473282442748
5709814608861,3.167694113,3,2.6994623718261717,-0.43933600463867184,27.33587786259542
5709839591153,3.192676405,3,2.1906945190429687,-0.3268085266113281,12.458015267175572
5709864613341,3.217698593,3,1.5562310791015623,0.3962403747558593,-10.206106870229007
5709889641101,3.242726353,3,1.0905588562011719,0.7338228088378905,-20.396946564885496
5709914620580,3.267705832,3,1.083376251220703,1.618480322265625,-22.53435114503817
5709939698966,3.292784218,3,1.5418658691406248,1.407790576171875,-10.198473282442748
5709964595320,3.317680572,3,1.4772224243164063,0.718260498046875,11.083969465648854
5709989612820,3.342698072,3,1.7597382202148437,0.44412440795898434,14.580152671755725
5710014870841,3.367956093,3,1.5538368774414062,0.5578489868164063,10.725190839694656
5710039630736,3.392715988,3,1.8842367065429686,0.8104372619628906,-5.305343511450381
5710064600268,3.41768552,3,1.9656395629882812,0.4513070129394531,-17.0
5710089634174,3.442719426,3,2.033874310302734,0.6308721374511719,-38.17557251908397
5710114636413,3.467721665,3,2.443282794189453,1.2880804931640624,-57.9236641221374
5710139534955,3.492620207,3,2.5570073730468748,2.3151930053710936,-69.93893129770993
5710164613393,3.517698645,3,2.5474305664062498,2.877830395507812,-58.0763358778626
5710189631413,3.542716665,3,2.1978771240234374,2.943670941162109,-32.2442748091603
5710216040320,3.569125572,3,1.8519149841308593,2.464830609130859,6.0
5710241207611,3.594292863,3,1.2078747375488281,2.0973206542968748,40.396946564885496
5710266176101,3.619261353,3,1.1180921752929687,1.7429788085937499,51.595419847328245
5710291219070,3.644304322,3,0.7841010437011718,0.9373299499511718,50.396946564885496
5710316238288,3.66932354,3,0.737414111328125,0.2932897033691406,31.419847328244273
5710341177976,3.694263228,3,1.3658920471191405,0.4537012145996093,-0.32061068702290074
5710366158445,3.719243697,3,1.313219610595703,1.2054805358886718,-21.587786259541986
5710391226622,3.744311874,3,1.637633935546875,2.0278888061523435,-35.343511450381676
5710416237403,3.769322655,3,1.7453730102539062,2.048239520263672,-27.870229007633586
5710441196830,3.794282082,3,1.9393033447265624,2.2756886779785157,-13.206106870229007
5710466185372,3.819270624,3,2.5570073730468748,2.123656872558594,0.015267175572519083
5710491216517,3.844301769,3,2.8658593872070313,1.388636962890625,12.786259541984732
5710516205632,3.869290884,3,2.940079638671875,1.071405242919922,8.419847328244275
5710541190840,3.894276092,3,3.446453289794922,1.052251629638672,-5.801526717557252
5710566186361,3.919271613,3,3.794809631347656,1.1528080993652343,-16.80916030534351
5710591149382,3.944234634,3,3.7517140014648436,1.2725181823730467,-23.450381679389313
5710616279382,3.969364634,3,3.3411084167480465,1.121683477783203,-17.786259541984734
5710641174070,3.994259322,3,2.042254016113281,1.6843208679199217,-7.267175572519084
5710666184642,4.019269894,3,1.3670891479492187,2.567781280517578,-6.076335877862595
5710691167872,4.044253124,3,0.3399766357421875,2.7281927917480466,7.343511450381679
5710716311465,4.069396717,3,-0.34715924072265625,2.488772625732422,26.15267175572519
5710741190007,4.094275259,3,-0.32082302246093747,2.1595698974609374,26.954198473282442
5710766161882,4.119247134,3,0.31483751831054685,1.3766659545898436,22.435114503816795
5710791212090,4.144297342,3,1.5502455749511719,0.6631938598632812,10.465648854961833
5710816199174,4.169284426,3,2.1906945190429687,0.5793968017578125,-11.969465648854962
5710841227767,4.194313019,3,2.4768016174316405,1.0199299072265624,-30.282442748091604
5710866668340,4.219753592,3,2.370259643554687,1.47482822265625,-35.900763358778626
5710891284174,4.244369426,3,2.493561029052734,2.038662713623047,-30.885496183206108
5710916192871,4.269278123,3,1.8555062866210936,2.1871032165527344,-7.847328244274809
5710941101726,4.294186978,3,1.2820949890136717,2.3834277526855465,5.076335877862595
5710966235684,4.319320936,3,1.1755530151367186,2.213439434814453,10.122137404580153
5710991209330,4.344294582,3,1.5490484741210937,1.4437036010742186,15.549618320610687
5711016168705,4.369253957,3,1.9620482604980467,1.1911153259277343,4.770992366412214
5711041187507,4.394272759,3,2.1906945190429687,1.4784195251464842,-9.129770992366412
5711066188549,4.419273801,3,2.299630694580078,1.744175909423828,-20.114503816793892
5711091217611,4.444302863,3,2.3451205261230466,2.1068974609374997,-21.297709923664122
5711116195059,4.469280311,3,1.9907786804199217,2.379836450195312,-14.473282442748092
5711141174121,4.494259373,3,2.740163800048828,2.3439234252929686,-1.8015267175572518
5711166117090,4.519202342,3,1.93451494140625,1.3754688537597655,33.63358778625954
5711191219226,4.544304478,3,1.0893617553710937,1.9009961181640624,36.12213740458015
5711216158496,4.569243748,3,0.24779987182617186,2.059013427734375,42.93129770992366
5711241158548,4.5942438,3,0.48123453369140623,1.5466542724609373,47.54961832061068
5711266181153,4.619266405,3,-0.009576806640625,0.5315127685546874,42.06106870229008
5711291208080,4.644293332,3,0.824802471923828,0.3280056274414062,10.16793893129771
5711316220267,4.669305519,3,1.4449007019042968,0.7038952880859375,-28.076335877862597
5711341170840,4.694256092,3,2.2182278381347653,1.4616601135253906,-65.1526717557252
5711366218913,4.719304165,3,2.7234043884277344,2.088940948486328,-75.34351145038168
5711391141621,4.744226873,3,3.0310593017578125,2.47081611328125,-56.83206106870229
5711416182194,4.769267446,3,3.0047230834960934,2.586934893798828,-32.97709923664122
5711441185632,4.794270884,3,2.8754361938476563,2.300827795410156,-11.580152671755725
5711466167298,4.81925255,3,2.858676782226562,1.8279729675292968,11.48091603053435
5711491211517,4.844296769,3,1.7429788085937499,1.5406687683105469,23.61832061068702
5711516220111,4.869305363,3,1.2701239807128906,1.9596540588378906,16.52671755725191
5711541152402,4.894237654,3,0.1149216796875,2.2278046447753903,18.129770992366414
5711566168184,4.919253436,3,-0.35793314819335936,2.6862942626953124,15.305343511450381
5711591147090,4.944232342,3,-0.2537853759765625,2.4588451049804685,10.946564885496183
5711616214277,4.969299529,3,0.8200140686035156,1.466448516845703,11.435114503816793
5711641167559,4.994252811,3,1.8997990173339843,0.9732429748535155,-2.0839694656488548
5711666168236,5.019253488,3,2.492363928222656,0.9636661682128905,-20.0
5711691212507,5.044297759,3,2.8802245971679685,1.6531962463378904,-31.389312977099237
5711716177611,5.069262863,3,3.1004911499023438,2.0266917053222655,-30.977099236641223
5711741170944,5.094256196,3,2.711433380126953,1.9129671264648436,-16.82442748091603
5711766162975,5.119248227,3,2.6372131286621094,1.839943975830078,-1.549618320610687
5711791211517,5.144296769,3,2.1631611999511717,2.0159177978515626,8.335877862595419
5711816174277,5.169259529,3,1.8543091857910154,1.5682020874023437,9.664122137404581
5711841560423,5.194645675,3,1.6268600280761718,1.1743559143066407,6.824427480916031
5711866253236,5.219338488,3,0.9528922607421875,1.6124948181152343,0.7633587786259542
5711891210996,5.244296248,3,0.6907271789550781,2.2649147705078123,-10.206106870229007
5711916176777,5.269262029,3,0.5195417602539062,2.270900274658203,-8.488549618320612
5711941195840,5.294281092,3,0.8918401184082031,1.8124106567382812,0.9465648854961832
5711966144954,5.319230206,3,0.5686228942871093,1.4065934753417968,10.572519083969466
5711991207298,5.34429255,3,0.718260498046875,1.7741034301757812,3.9389312977099236
5712016178756,5.369264008,3,1.369483349609375,2.1619640991210938,-12.312977099236642
5712041178236,5.394263488,3,2.2828712829589843,1.4879963317871092,-15.541984732824428
5712066168548,5.4192538,3,2.9640216552734375,1.0402806213378906,-17.633587786259543
5712091135840,5.444221092,3,3.190273712158203,1.4113818786621093,-24.938931297709924
5712116189329,5.469274581,3,3.0538042175292968,2.096123553466797,-38.57251908396947
5712141175006,5.494260258,3,4.37300933227539,2.1212626708984375,-46.847328244274806
5712166188965,5.519274217,3,4.031835595703125,1.9069816223144531,-26.770992366412212
5712191137819,5.544223071,3,2.905363714599609,2.099714855957031,-3.6564885496183206
5712216164902,5.569250154,3,2.1320365783691404,2.9747955627441405,8.297709923664122
5712241178444,5.594263696,3,1.0606313354492187,3.029862200927734,31.061068702290076
5712266167246,5.619252498,3,0.3268085266113281,2.626439221191406,40.81679389312977
5712291190944,5.644276196,3,0.6751648681640625,1.5490484741210937,38.50381679389313
5712316165579,5.669250831,3,1.2785036865234374,0.9564835632324218,24.19083969465649
5712341206621,5.694291873,3,2.2361843505859373,1.2617442749023438,-12.48091603053435
5712366161725,5.719246977,3,2.9281086303710935,1.2832920898437499,-32.900763358778626
5712391221465,5.744306717,3,2.829946362304687,1.8100164550781248,-45.29007633587786
5712416220996,5.769306248,3,3.0406361083984375,3.0226795959472654,-49.48854961832061
5712442052298,5.79513755,3,3.299209887695312,3.209427325439453,-29.198473282442748
5712467038860,5.820124112,3,3.3315316101074215,2.3439234252929686,1.7099236641221374
5712492066413,5.845151665,3,3.1471780822753903,1.7405846069335937,15.80916030534351
5712517073965,5.870159217,3,3.6619314392089843,1.5682020874023437,10.312977099236642
5712541503965,5.894589217,3,3.5338416503906247,0.6380547424316406,12.854961832061068
5712566168808,5.91925406,3,1.4018050720214843,0.5805939025878906,15.053435114503817
5712591198340,5.944283592,3,-0.09696516723632811,2.5246856506347655,-13.076335877862595
5712616184590,5.969269842,3,-0.21188684692382811,3.985148663330078,-15.091603053435115
5712641185527,5.994270779,3,-0.48722003784179685,3.3111808959960936,1.381679389312977
5712666175162,6.019260414,3,-0.05626373901367187,2.418143676757812,12.938931297709924
5712691208131,6.044293383,3,1.0558429321289062,2.2014684265136717,6.458015267175573
5712716182558,6.06926781,3,1.6699556579589843,1.8950106140136718,4.969465648854962
5712741386308,6.09447156,3,2.560598675537109,1.8076222534179687,-7.763358778625954
5712766252610,6.119337862,3,3.470395306396484,1.6244658264160154,-10.694656488549619
5712791251465,6.144336717,3,3.1938650146484373,1.5502455749511719,-11.908396946564885
5712816195579,6.169280831,3,3.5230677429199218,1.7429788085937499,-22.893129770992367
5712841506308,6.19459156,3,4.07971962890625,1.668758557128906,-23.557251908396946
5712866145631,6.219230883,3,3.687070556640625,1.599326708984375,-22.732824427480917
5712891234537,6.244319789,3,2.446874096679687,1.8519149841308593,-22.076335877862597
5712916185892,6.269271144,3,1.8638859924316404,2.8048072448730466,-28.885496183206108
5712941252037,6.294337289,3,1.466448516845703,3.4069489624023435,-26.64885496183206
5712966188339,6.319273591,3,0.7350199096679687,3.162740393066406,-9.259541984732824
5712991239381,6.344324633,3,-0.30047230834960936,3.4249054748535155,5.702290076335878
5713016183496,6.369268748,3,0.3327940307617187,3.5506010620117183,13.748091603053435
5713041230319,6.394315571,3,0.5602431884765625,1.849520782470703,33.70992366412214
5713066169746,6.419254998,3,1.291671795654297,1.1061211669921875,21.49618320610687
5713091295579,6.444380831,3,2.3618799377441406,1.3826514587402343,-7.66412213740458
5713116125162,6.469210414,3,3.0442274108886718,1.2294225524902342,-20.229007633587788
5713141239121,6.494324373,3,3.2034418212890623,1.1947066284179686,-30.00763358778626
5713166170110,6.519255362,3,3.2154128295898436,1.6352397338867186,-38.37404580152672
5713191232246,6.544317498,3,3.5146880371093747,1.7717092285156248,-33.51908396946565
5713216161204,6.569246456,3,3.0418332092285154,1.7525556152343749,-24.893129770992367
5713241159589,6.594244841,3,2.2661118713378903,2.50912333984375,-31.16030534351145
5713266177714,6.619262966,3,1.2593500732421874,2.6132711120605467,-14.938931297709924
5713291209121,6.644294373,3,-0.23822306518554687,2.935291235351562,-0.6717557251908397
5713316153808,6.66923906,3,-1.0199299072265624,4.132392065429687,0.015267175572519083
5713341392975,6.694478227,3,-0.6631938598632812,4.102464544677734,6.091603053435114
5713366250891,6.719336143,3,0.33758243408203126,2.5378537597656248,23.66412213740458
5713391209693,6.744294945,3,1.1935095275878906,1.7034744812011717,20.404580152671755
5713416189850,6.769275102,3,2.4911668273925778,1.5370774658203123,7.687022900763359
5713441400006,6.794485258,3,3.394977954101562,1.0271125122070313,0.7709923664122137
5713466196933,6.819282185,3,3.5098996337890624,0.9205705383300781,-8.305343511450381
5713491223027,6.844308279,3,3.4201170715332028,1.4688427185058592,-16.129770992366414
5713516199745,6.869284997,3,2.627636322021484,2.2565350646972653,-22.564885496183205
5713541265162,6.894350414,3,2.7054478759765623,2.152387292480469,-6.1679389312977095
5713566177245,6.919262497,3,0.7876923461914062,2.357091534423828,20.61832061068702
5713591302350,6.944387602,3,-0.9971849914550781,3.4668040039062498,27.00763358778626
5713616363079,6.969448331,3,-0.7170633972167968,3.306392492675781,31.49618320610687
5713641271360,6.994356612,3,-0.6069301208496093,1.7429788085937499,42.603053435114504
5713666231360,7.019316612,3,0.7362170104980469,0.8762778076171874,26.099236641221374
5713691204433,7.044289685,3,2.212242333984375,0.9026140258789062,-6.854961832061068
5713716191204,7.069276456,3,3.0226795959472654,0.6979097839355468,-29.47328244274809
5713741255475,7.094340727,3,2.7533319091796873,1.2330138549804688,-31.801526717557252
5713766227037,7.119312289,3,3.1962592163085937,1.6424223388671875,-32.76335877862596
5713791220370,7.144305622,3,2.5378537597656248,2.4947581298828125,-31.793893129770993
5713816226672,7.169311924,3,1.9943699829101562,3.0226795959472654,-6.374045801526718
5713841222662,7.194307914,3,1.39821376953125,2.798821740722656,22.198473282442748
5713866211100,7.219296352,3,0.8499415893554687,2.3594857360839843,33.083969465648856
5713891271672,7.244356924,3,0.6356605407714844,1.8411410766601561,34.038167938931295
5713916215266,7.269300518,3,1.2114660400390624,1.1240776794433593,23.458015267175572
5713941200474,7.294285726,3,1.887828009033203,1.1611878051757811,-0.6641221374045801
5713966284016,7.319369268,3,2.269703173828125,1.4185644836425781,-18.69465648854962
5713991181360,7.344266612,3,2.5941174987792968,1.7549498168945312,-28.641221374045802
5714016209329,7.369294581,3,2.5438392639160154,2.04943662109375,-28.16793893129771
5714041218235,7.394303487,3,2.517503045654297,2.360682836914062,-15.633587786259541
5714066294016,7.419379268,3,2.1643583007812497,2.2780828796386716,-0.3969465648854962
5714091231360,7.444316612,3,1.9656395629882812,1.9093758239746093,11.374045801526718
5714116271152,7.469356404,3,1.4532804077148436,1.8722656982421875,15.244274809160306
5714141183079,7.494268331,3,0.6584054565429687,2.2553379638671873,12.404580152671755
5714166264589,7.519349841,3,0.834379278564453,2.433705987548828,6.229007633587786
5714191240839,7.544326091,3,0.7805097412109374,2.105700360107422,7.854961832061068
5714216226360,7.569311612,3,1.1935095275878906,1.7944541442871094,0.9694656488549618
5714241250474,7.594335726,3,1.7764976318359373,1.8997990173339843,-9.557251908396946
5714266296672,7.619381924,3,2.2852654846191407,1.6675614562988281,-12.526717557251908
5714291228651,7.644313903,3,2.760514514160156,1.3718775512695311,-18.69465648854962
5714316243131,7.669328383,3,3.2357635437011716,1.85790048828125,-25.923664122137403
5714341220318,7.69430557,3,3.6559459350585937,2.3056161987304686,-20.610687022900763
5714366230370,7.719315622,3,2.902969512939453,1.9333178405761717,6.137404580152672
5714391215787,7.744301039,3,1.2425906616210938,2.3367408203125,28.64885496183206
5714416233026,7.769318278,3,0.13766659545898435,3.575740179443359,32.10687022900763
5714441186933,7.794272185,3,0.023942016601562498,2.893392706298828,37.85496183206107
5714466272558,7.81935781,3,0.6260837341308594,0.7661445312499999,46.23664122137404
5714491175891,7.844261143,3,1.6148890197753905,0.4584896179199218,5.473282442748092
5714516243339,7.869328591,3,2.4133552734375,1.2617442749023438,-34.099236641221374
5714541208547,7.894293799,3,2.626439221191406,1.7764976318359373,-47.50381679389313
5714566233756,7.919319008,3,2.2373814514160153,2.6862942626953124,-45.465648854961835
5714591235005,7.944320257,3,1.898601916503906,3.5422213562011717,-30.954198473282442
5714616235422,7.969320674,3,1.9620482604980467,2.925714428710937,-1.7251908396946565
5714641218339,7.994303591,3,2.243366955566406,1.7465701110839842,18.65648854961832
5714666263912,8.019349164,3,2.6372131286621094,1.5382745666503905,15.312977099236642
5714691225578,8.04431083,3,2.375048046875,1.6041151123046875,9.80916030534351
5714716223547,8.069308799,3,1.218648645019531,2.2182278381347653,8.320610687022901
5714741179797,8.094265049,3,0.41060558471679687,3.056198419189453,8.229007633587786
5714766370005,8.119455257,3,0.5291185668945312,2.6384102294921874,17.64885496183206
5714791286099,8.144371351,3,1.189918225097656,1.4544775085449217,22.17557251908397
5714816170839,8.169256091,3,1.935712042236328,0.9193734375,7.0
5714841273026,8.194358278,3,2.433705987548828,1.1468225952148436,-18.38167938931298
5714866278182,8.219363434,3,2.7066449768066403,1.4113818786621093,-37.6412213740458
5714891266672,8.244351924,3,2.6862942626953124,2.042254016113281,-48.16793893129771
5714916201620,8.269286872,3,2.6791116577148437,2.942473840332031,-47.0763358778626
5714941235891,8.294321143,3,2.2182278381347653,3.4739866088867184,-26.083969465648856
5714966337610,8.319422862,3,1.4712369201660156,3.2561142578125,8.442748091603054
5714991498807,8.344584059,3,1.2701239807128906,2.9496564453125,32.19847328244275
5715016318912,8.369404164,3,0.9840168823242187,2.346317626953125,45.13740458015267
5715041434537,8.394519789,3,1.294065997314453,1.4041992736816404,40.80152671755725
5715066254068,8.41933932,3,1.5286977600097655,0.7852981445312499,19.885496183206108
5715091472766,8.444558018,3,2.0374656127929685,1.341950030517578,-12.702290076335878
5715116304589,8.469389841,3,2.0757728393554684,1.8722656982421875,-31.786259541984734
5715141461620,8.494546872,3,2.1248539733886718,2.1452046874999997,-37.80152671755725
5715166317609,8.519402861,3,2.166752502441406,2.436100189208984,-35.6793893129771
5715191482505,8.544567757,3,2.896984008789062,2.664746447753906,-26.9618320610687
5715216312141,8.569397393,3,2.991554974365234,2.788047833251953,-15.748091603053435
5715241430161,8.594515413,3,2.2014684265136717,2.195482922363281,14.641221374045802
5715266315943,8.619401195,3,0.7829039428710937,2.4109610717773435,38.14503816793893
5715291486984,8.644572236,3,0.16998831787109375,3.303998291015625,39.57251908396947
5715316276880,8.669362132,3,0.30047230834960936,2.076969940185547,45.50381679389313
5715341426047,8.694511299,3,0.5734112976074218,0.7422025146484375,31.458015267175572
5715366340786,8.719426038,3,1.7573440185546874,0.928950244140625,-7.412213740458015
5715391472714,8.744557966,3,2.4684219116210935,1.1528080993652343,-34.412213740458014
5715416305630,8.769390882,3,2.9855694702148434,1.369483349609375,-51.969465648854964
5715441459589,8.794544841,3,2.900575311279297,2.310404602050781,-56.45038167938932
5715466309536,8.819394788,3,2.5570073730468748,3.432088079833984,-43.30534351145038
5715491488859,8.844574111,3,1.9033903198242186,3.3602620300292965,-7.305343511450381
5715516205943,8.869291195,3,1.3575123413085937,2.942473840332031,24.083969465648856
5715541433338,8.89451859,3,1.064222637939453,2.692279766845703,40.282442748091604
5715566320943,8.919406195,3,0.9516951599121093,2.000355487060547,42.32824427480916
5715591494172,8.944579424,3,0.6643909606933593,1.5801730957031248,28.900763358778626
5715616182297,8.969267549,3,1.4041992736816404,2.032677209472656,-0.22900763358778625
5715641439797,8.994525049,3,2.0266917053222655,1.6472107421875,-11.618320610687023
5715666293755,9.019379007,3,2.521094348144531,1.4353238952636718,-18.404580152671755
5715691486047,9.044571299,3,2.797624639892578,1.9416975463867185,-27.870229007633586
5715716310057,9.069395309,3,3.2453403503417966,2.085349645996094,-28.03053435114504
5715741461255,9.094546507,3,3.0980969482421874,2.2349872497558594,-21.633587786259543
5715766303599,9.119388851,3,2.682702960205078,2.579752288818359,-16.549618320610687
5715791487245,9.144572497,3,2.375048046875,2.7138275817871094,-5.519083969465649
5715816344588,9.16942984,3,1.9716250671386717,2.6096798095703124,9.725190839694656
5715841436620,9.194521872,3,1.5179238525390624,2.8718448913574215,15.633587786259541
5715868071099,9.221156351,3,0.6572083557128906,2.9855694702148434,21.900763358778626
5715891266255,9.244351507,3,0.4285620971679687,2.6372131286621094,25.572519083969464
5715916189849,9.269275101,3,0.9145850341796874,1.8076222534179687,23.12213740458015
5715941159328,9.29424458,3,1.7489643127441405,1.5095441467285156,7.740458015267175
5715966193442,9.319278694,3,2.3127988037109373,1.361103643798828,-9.442748091603054
5715991230578,9.34431583,3,2.5546131713867184,1.5574281799316405,-25.610687022900763
5716016613390,9.369698642,3,2.91134921875,2.31758720703125,-38.89312977099237
5716041193651,9.394278903,3,3.038241906738281,2.6324247253417967,-31.52671755725191
5716066173442,9.419258694,3,2.6898855651855467,2.5234885498046875,-14.49618320610687
5716091213963,9.444299215,3,2.559401574707031,2.4480711975097655,-1.6030534351145038
5716116176463,9.469261715,3,2.2649147705078123,2.4863784240722655,5.809160305343512
5716141199692,9.494284944,3,2.0649989318847655,2.2565350646972653,9.297709923664122
5716166221672,9.519306924,3,1.8291700683593748,2.3247698120117186,8.19083969465649
5716191210682,9.544295934,3,1.131260284423828,2.6611551452636717,6.862595419847328
5716216158651,9.569243903,3,1.0127473022460938,3.0418332092285154,5.015267175572519
5716241191619,9.594276871,3,1.380257257080078,2.5163059448242184,11.0
5716266175057,9.619260309,3,1.6340426330566404,1.8997990173339843,10.297709923664122
5716291200213,9.644285465,3,2.1511901916503904,1.7334020019531249,-1.6793893129770991
5716316178494,9.669263746,3,2.5809493896484375,1.7693150268554687,-13.98473282442748
5716341182661,9.694267913,3,2.722207287597656,1.8722656982421875,-21.15267175572519
5716366177401,9.719262653,3,2.797624639892578,2.309207501220703,-25.801526717557252
5716391216046,9.744301298,3,2.5761609863281247,2.4875755249023435,-22.564885496183205
5716416177453,9.769262705,3,2.607285607910156,2.577358087158203,-16.916030534351144
5716441214276,9.794299528,3,2.6982652709960937,2.712630480957031,-9.49618320610687
5716466176359,9.819261611,3,2.347514727783203,2.6515783386230467,2.3587786259541983
5716491211099,9.844296351,3,1.6160861206054686,2.883815899658203,10.091603053435115
5716516172661,9.869257913,3,0.9157821350097656,3.5793314819335937,10.34351145038168
5716541162661,9.894247913,3,0.5111620544433594,3.355473626708984,17.87786259541985
5716566176671,9.919261923,3,0.40940848388671874,3.247734552001953,22.015267175572518
5716591201255,9.944286507,3,0.8367734802246093,2.901772412109375,20.33587786259542
5716616163755,9.969249007,3,2.019509100341797,1.897404815673828,17.213740458015266
5716641252661,9.994337913,3,3.1399954772949217,1.4053963745117186,6.923664122137405
5716666179276,10.019264528,3,3.912125512695312,1.5011644409179687,-13.068702290076336
5716691239484,10.044324736,3,3.699041564941406,1.4616601135253906,-23.610687022900763
5716716214953,10.069300205,3,3.343502618408203,2.1727380065917967,-40.458015267175576
5716741181046,10.094266298,3,2.8622680847167965,3.2022447204589843,-41.52671755725191
5716766301203,10.119386455,3,2.8335376647949215,3.968389251708984,-36.847328244274806
5716791245421,10.144330673,3,2.454056701660156,3.5529952636718747,-14.17557251908397
5716816217088,10.16930234,3,2.0554221252441405,3.469198205566406,4.312977099236641
5716841310057,10.194395309,3,1.897404815673828,3.545812658691406,17.946564885496183
5716866238703,10.219323955,3,1.7549498168945312,2.977189764404297,28.068702290076335
5716891230317,10.244315569,3,1.6603788513183593,2.5450363647460934,25.709923664122137
5716916193494,10.269278746,3,1.697488977050781,2.565387078857422,15.564885496183207
5716941205838,10.29429109,3,1.6340426330566404,2.6228479187011717,5.343511450381679
5716966236619,10.319321871,3,1.9213468322753906,2.318784307861328,-1.717557251908397
5716991237296,10.344322548,3,2.262520568847656,2.2110452331542967,-7.9465648854961835
5717016187557,10.369272809,3,2.597708801269531,2.2876596862792966,-17.519083969465647
5717041212348,10.3942976,3,2.8287492614746093,2.39420166015625,-22.198473282442748
5717066257244,10.419342496,3,2.749740606689453,2.3678654418945313,-24.81679389312977
5717091261255,10.444346507,3,2.8886043029785156,2.808398547363281,-26.931297709923665
5717116193182,10.469278434,3,2.8526912780761715,3.2632968627929686,-17.053435114503817
5717141202400,10.494287652,3,2.551021868896484,2.9544448486328125,0.3053435114503817
5717166249744,10.519334996,3,1.9009961181640624,2.886210101318359,14.641221374045802
5717191242192,10.544327444,3,1.68551796875,3.1735143005371094,17.198473282442748
5717216193338,10.56927859,3,1.6220716247558593,2.6767174560546874,22.206106870229007
5717241191827,10.594277079,3,1.3192051147460937,2.2864625854492187,18.0381679389313
5717266233077,10.619318329,3,1.3922282653808593,2.5617957763671875,5.519083969465649
5717292154848,10.6452401,3,1.9524714538574217,2.6491841369628903,-3.427480916030534
5717317098286,10.670183538,3,1.7741034301757812,2.3331495178222657,-4.793893129770993
5717342071150,10.695156402,3,2.069787335205078,2.3774422485351563,-10.854961832061068
5717367089900,10.720175152,3,2.4768016174316405,2.530671154785156,-13.267175572519085
5717391580421,10.744665673,3,2.839523168945312,2.2948422912597657,-13.381679389312977
5717416185057,10.769270309,3,2.8419173706054686,2.347514727783203,-16.16030534351145
5717441283494,10.794368746,3,2.912546319580078,2.7964275390625,-19.290076335877863
5717466181359,10.819266611,3,2.558204473876953,2.9652187561035155,-14.893129770992367
5717491297296,10.844382548,3,2.627636322021484,2.8239608581542965,-3.9923664122137406
5717516191463,10.869276715,3,2.5761609863281247,2.6994623718261717,2.4656488549618323
5717541216723,10.894301975,3,2.522291448974609,2.427720483398437,9.01526717557252
5717566130890,10.919216142,3,2.426523382568359,2.308010400390625,7.9541984732824424
5717591286931,10.944372183,3,2.114080065917969,2.5617957763671875,3.572519083969466
5717616197140,10.969282392,3,1.734599102783203,2.6970681701660153,2.7480916030534353
5717641209171,10.994294423,3,1.3826514587402343,2.8012159423828122,1.4198473282442747
5717666236671,11.019321923,3,1.2126631408691406,2.9891607727050777,0.32061068702290074
5717691287452,11.044372704,3,1.2006921325683593,2.8000188415527343,2.1297709923664123
5717716184900,11.069270152,3,1.5562310791015623,2.592920397949219,0.4351145038167939
5717741230525,11.094315777,3,1.9847931762695312,2.3918074584960936,-1.8244274809160306
5717766188806,11.119274058,3,2.3020248962402343,2.2194249389648437,-3.16793893129771
5717791206358,11.14429161,3,2.3870190551757813,2.3403321228027343,-7.083969465648855
5717816202817,11.169288069,3,2.834734765625,2.431311785888672,-12.076335877862595
5717841235890,11.194321142,3,2.7054478759765623,2.3331495178222657,-9.297709923664122
5717866231775,11.219317027,3,2.760514514160156,2.4875755249023435,-10.251908396946565
5717891312035,11.244397287,3,2.7557261108398436,2.6479870361328124,-9.633587786259541
5717916182244,11.269267496,3,2.4660277099609376,2.7078420776367187,-8.32824427480916
5717941197088,11.29428234,3,2.2601263671875,2.797624639892578,-5.900763358778626
5717966190525,11.319275777,3,2.2266075439453124,2.9185318237304685,-3.053435114503817
5717991541254,11.344626506,3,2.2110452331542967,2.7653029174804686,1.3206106870229009
5718016180004,11.369265256,3,1.9333178405761717,2.618059515380859,5.541984732824427
5718041147921,11.394233173,3,1.926135235595703,2.615665313720703,1.5725190839694656
5718066185890,11.419271142,3,2.080561242675781,2.483984222412109,-1.0305343511450382
5718091243181,11.444328433,3,1.6340426330566404,2.7246014892578123,-3.8091603053435112
5718116196671,11.469281923,3,1.5670049865722655,3.3004069885253906,-8.770992366412214
5718141199640,11.494284892,3,1.4030021728515625,3.299209887695312,-3.4427480916030535
5718166180056,11.519265308,3,1.3682862487792968,3.0825346374511717,6.305343511450381
5718191269483,11.544354735,3,1.8854338073730468,2.6815058593749996,10.435114503816793
5718216184848,11.5692701,3,2.427720483398437,2.123656872558594,11.893129770992367
5718241250473,11.594335725,3,2.922123126220703,1.8267758666992187,1.8091603053435115
5718266193390,11.619278642,3,3.3255461059570313,1.8100164550781248,-8.396946564885496
5718291218337,11.644303589,3,3.095702746582031,1.8279729675292968,-14.022900763358779
5718316188181,11.669273433,3,3.0789433349609374,2.3582886352539063,-24.33587786259542
5718341229223,11.694314475,3,3.2022447204589843,2.9735984619140625,-24.519083969465647
5718366187087,11.719272339,3,2.7269956909179687,2.8886043029785156,-9.786259541984732
5718391243442,11.744328694,3,1.9596540588378906,3.171120098876953,-0.03816793893129771
5718416191410,11.769276662,3,1.4006079711914061,3.6750995483398436,5.717557251908397
5718441196254,11.794281506,3,0.8942343200683593,3.835511059570312,10.793893129770993
5718466171306,11.819256558,3,0.7996633544921875,3.6427778259277344,9.351145038167939
5718491256827,11.844342079,3,0.8870517150878906,2.901772412109375,12.419847328244275
5718516171775,11.869257027,3,1.6543933471679686,2.507926239013672,8.717557251908397
5718541235733,11.894320985,3,2.3127988037109373,2.1128829650878904,-1.8854961832061068
5718566232244,11.919317496,3,2.959233251953125,1.8555062866210936,-13.007633587786259
5718591170473,11.944255725,3,2.288856787109375,1.4041992736816404,-15.229007633587786
5718616186046,11.969271298,3,3.0597897216796874,2.31758720703125,-25.519083969465647
5718641248025,11.994333277,3,2.8706477905273435,3.057395520019531,-24.908396946564885
5718666246879,12.019332131,3,2.2972364929199216,3.418919970703125,-8.15267175572519
5718691253858,12.04433911,3,1.5215151550292967,3.515885137939453,8.923664122137405
5718716211046,12.069296298,3,1.3144167114257812,3.6523546325683593,18.984732824427482
5718741213858,12.09429911,3,0.6967126831054687,3.191470812988281,26.297709923664122
5718766187973,12.119273225,3,0.6464344482421874,3.009511486816406,23.091603053435115
5718791361150,12.144446402,3,1.2725181823730467,2.6132711120605467,17.0381679389313
5718816257712,12.169342964,3,1.6364368347167968,2.2756886779785157,3.7709923664122136
5718841228233,12.194313485,3,2.117671368408203,2.452859600830078,-11.854961832061068
5718866312921,12.219398173,3,2.749740606689453,2.7186159851074216,-18.908396946564885
5718891243285,12.244328537,3,2.906560815429687,2.481590020751953,-13.297709923664122
5718916262139,12.269347391,3,3.2249896362304686,2.2828712829589843,-7.717557251908397
5718941220993,12.294306245,3,3.2549171569824216,2.3415292236328122,-3.816793893129771
5718966274743,12.319359995,3,2.8718448913574215,2.5725696838378904,-2.351145038167939
5718991235525,12.344320777,3,2.2182278381347653,2.7054478759765623,-1.2366412213740459
5719016244535,12.369329787,3,1.7621324218749999,2.943670941162109,-4.687022900763359
5719041215993,12.394301245,3,1.4472949035644531,3.124433166503906,-6.083969465648855
5719066182920,12.419268172,3,0.948103857421875,3.3638533325195312,-9.251908396946565
5719091233754,12.444319006,3,1.0079588989257813,3.793612530517578,-11.977099236641221
5719116258858,12.46934411,3,1.3144167114257812,3.8091748413085935,-9.030534351145038
5719141210525,12.494295777,3,1.5107412475585937,3.084928839111328,3.0839694656488548
5719166280993,12.519366245,3,1.7800889343261719,2.770091320800781,10.664122137404581
5719191241306,12.544326558,3,2.3511060302734372,2.6288334228515624,11.312977099236642
5719216323077,12.569408329,3,2.6587609436035153,1.9919757812499999,10.938931297709924
5719241215004,12.594300256,3,2.9747955627441405,1.7082628845214842,0.22137404580152673
5719266283545,12.619368797,3,3.0538042175292968,1.9033903198242186,-10.992366412213741
5719291246722,12.644331974,3,2.711433380126953,2.4971523315429685,-20.34351145038168
5719316344014,12.669429266,3,2.559401574707031,2.8419173706054686,-20.229007633587788
5719341199795,12.694285047,3,2.098517755126953,2.919728924560547,-14.450381679389313
5719366269691,12.719354943,3,1.4879963317871092,3.277662072753906,-8.992366412213741
5719391246410,12.744331662,3,0.9852139831542969,3.7924154296875,-5.061068702290076
5719416238024,12.769323276,3,0.6189011291503906,3.768473413085937,-0.6183206106870229
5719441195212,12.794280464,3,0.5542576843261718,3.822342950439453,3.2442748091603053
5719466282868,12.81936812,3,0.6512228515624999,3.488351818847656,8.770992366412214
5719491226254,12.844311506,3,1.2629413757324217,2.9089550170898435,14.198473282442748
5719516241410,12.869326662,3,2.1727380065917967,2.221819140625,15.83206106870229
5719541220004,12.894305256,3,2.7257985900878903,1.6747440612792968,8.022900763358779
5719566283024,12.919368276,3,3.324349005126953,1.448492004394531,-5.33587786259542
5719591260212,12.944345464,3,3.403357659912109,1.5897499023437498,-17.27480916030534
5719616321201,12.969406453,3,2.8227637573242186,2.529474053955078,-25.610687022900763
5719641215420,12.994300672,3,2.519897247314453,3.037044805908203,-24.68702290076336
5719666229847,13.019315099,3,1.7238251953125,3.2824504760742186,-10.221374045801527
5719691240576,13.044325828,3,0.8846575134277344,3.9659950500488277,-1.0687022900763359
5719716236358,13.06932161,3,0.24301146850585936,4.171896392822266,12.106870229007633
5719741191931,13.094277183,3,0.3387795349121094,3.985148663330078,14.84732824427481
5719766225524,13.119310776,3,0.8367734802246093,2.6815058593749996,26.15267175572519
5719791239587,13.144324839,3,1.6077064147949218,2.1607669982910154,19.114503816793892
5719816231670,13.169316922,3,2.2254104431152344,1.89620771484375,0.8625954198473282
5719841220524,13.194305776,3,2.6431986328124997,1.8650830932617186,-16.641221374045802
5719866257660,13.219342912,3,2.7186159851074216,2.2936451904296873,-32.64885496183206
5719891239899,13.244325151,3,2.5342624572753905,3.113659259033203,-39.42748091603053
5719916256462,13.269341714,3,2.443282794189453,3.575740179443359,-30.862595419847327
5719941206670,13.294291922,3,2.3127988037109373,3.5051112304687497,-9.98473282442748
5719966225368,13.31931062,3,1.9584569580078124,3.2644939636230466,11.221374045801527
5719991235628,13.34432088,3,1.5837643981933593,3.1842882080078123,19.519083969465647
5720016226722,13.369311974,3,1.476025323486328,2.9831752685546875,19.015267175572518
5720041188493,13.394273745,3,1.3467384338378905,2.6575638427734374,15.50381679389313
5720066276930,13.419362182,3,1.0773907470703123,2.7736826232910157,6.396946564885496
5720091242295,13.444327547,3,1.5035586425781249,2.991554974365234,-2.7557251908396947
5720116281410,13.469366662,3,1.695094775390625,2.5103204406738278,-2.213740458015267
5720141217972,13.494303224,3,1.935712042236328,2.3965958618164063,-5.8320610687022905
5720166232660,13.519317912,3,2.057816326904297,2.6767174560546874,-10.587786259541986
5720191217712,13.544302964,3,2.175132208251953,2.8562825805664063,-11.244274809160306
5720216330055,13.569415307,3,2.3582886352539063,2.5103204406738278,-7.66412213740458
5720241204743,13.594289995,3,2.427720483398437,2.2062568298339844,-7.0534351145038165
5720266224639,13.619309891,3,2.1739351074218747,2.586934893798828,-9.687022900763358
5720291248545,13.644333797,3,2.0159177978515626,3.289633081054687,-15.366412213740459
5720316282660,13.669367912,3,1.5753846923828123,3.408146063232422,-10.946564885496183
5720341189326,13.694274578,3,1.083376251220703,3.621230010986328,-4.847328244274809
5720366220628,13.71930588,3,1.199495031738281,3.7146038757324216,2.66412213740458
5720391234326,13.744319578,3,1.5777788940429687,2.7617116149902343,12.633587786259541
5720416224118,13.76930937,3,2.0278888061523435,1.9716250671386717,10.465648854961833
5720441214587,13.794299839,3,2.445676995849609,2.021903302001953,-3.4580152671755724
5720466305993,13.819391245,3,2.251746661376953,2.426523382568359,-15.595419847328245
5720491225837,13.844311089,3,1.926135235595703,2.967612957763672,-20.748091603053435
5720516231253,13.869316505,3,1.744175909423828,3.2597055603027343,-15.106870229007633
5720541225420,13.894310672,3,1.2988544006347655,3.286041778564453,-5.183206106870229
5720566217607,13.919302859,3,1.4472949035644531,3.068169427490234,-0.3893129770992366
5720591213180,13.944298432,3,1.2581529724121092,3.009511486816406,1.4351145038167938
5720616239743,13.969324995,3,1.2318167541503906,3.459621398925781,-4.984732824427481
5720641222347,13.994307599,3,1.1480196960449218,3.5601778686523438,-1.8854961832061068
5720666185055,14.019270307,3,1.3682862487792968,3.3877953491210935,5.282442748091603
5720691211566,14.044296818,3,1.6448165405273436,3.0322564025878904,12.274809160305344
5720716212295,14.069297547,3,2.224213342285156,2.626439221191406,13.908396946564885
5720741172243,14.094257495,3,2.673126153564453,1.889025109863281,14.84732824427481
5720766171878,14.11925713,3,2.922123126220703,1.5705962890624998,1.6717557251908397
5720791216097,14.144301349,3,3.1866824096679687,1.8100164550781248,-16.66412213740458
5720816360472,14.169445724,3,3.5398271545410154,2.309207501220703,-28.419847328244273
5720841307816,14.194393068,3,2.5438392639160154,2.817975354003906,-27.076335877862597
5720866216045,14.219301297,3,2.27927998046875,3.5098996337890624,-18.709923664122137
5720891468857,14.244554109,3,1.495178936767578,3.986345764160156,-4.038167938931298
5720916371722,14.269456974,3,0.5303156677246094,4.029441394042968,15.053435114503817
5720941232295,14.294317547,3,0.13407529296874998,4.048595007324218,21.717557251908396
5720966283649,14.319368901,3,0.5099649536132812,2.834734765625,31.46564885496183
5720991251201,14.344336453,3,1.426944189453125,1.610100616455078,23.702290076335878
5721016175732,14.369260984,3,2.0075380920410155,1.6938976745605467,-5.343511450381679
5721041259274,14.394344526,3,2.493561029052734,2.1894974182128903,-28.083969465648856
5721066296305,14.419381557,3,2.4756045166015626,2.7712884216308593,-34.6412213740458
5721091176513,14.444261765,3,2.009932293701172,3.436876483154297,-27.061068702290076
5721116255836,14.469341088,3,1.9680337646484374,3.6463691284179687,-8.053435114503817
5721141215940,14.494301192,3,1.7561469177246092,3.1866824096679687,15.389312977099237
5721166272451,14.519357703,3,1.8315642700195311,2.5665841796874997,22.717557251908396
5721191250628,14.54433588,3,1.7034744812011717,2.1679496032714844,16.732824427480917
5721216243128,14.56932838,3,1.7405846069335937,2.213439434814453,0.16793893129770993
5721241230993,14.594316245,3,1.9405004455566406,2.663549346923828,-15.801526717557252
5721266228701,14.619313953,3,2.013523596191406,2.9185318237304685,-22.51145038167939
5721291263701,14.644348953,3,2.1152771667480468,3.001131781005859,-16.458015267175572
5721316245315,14.669330567,3,2.001552587890625,2.980781066894531,-5.137404580152672
5721341237451,14.694322703,3,1.944091748046875,2.9448680419921875,1.0076335877862594
5721366283336,14.719368588,3,1.9033903198242186,2.8239608581542965,2.954198473282443
5721391244170,14.744329422,3,1.5406687683105469,2.8203695556640622,1.0
5721416254795,14.769340047,3,1.5777788940429687,2.978386865234375,-3.5114503816793894
5721441221461,14.794306713,3,1.6029180114746093,2.9448680419921875,-4.564885496183206
5721466282607,14.819367859,3,1.8997990173339843,2.8215666564941406,-4.305343511450381
5721491248180,14.844333432,3,1.9967641845703124,2.7724855224609373,-1.3435114503816794
5721516229638,14.86931489,3,2.138022082519531,2.711433380126953,1.4427480916030535
5721541213753,14.894299005,3,1.811213555908203,2.6982652709960937,6.076335877862595
5721566273701,14.919358953,3,1.715445489501953,2.786850732421875,4.770992366412214
5721591245472,14.944330724,3,1.7609353210449217,2.6719290527343746,1.534351145038168
5721616249013,14.969334265,3,1.5753846923828123,2.7748797241210936,-1.8015267175572518
5721641235680,14.994320932,3,1.9476830505371092,3.039439007568359,-10.786259541984732
5721666230159,15.019315411,3,2.3439234252929686,2.786850732421875,-10.251908396946565
5721691223388,15.04430864,3,2.608482708740234,2.3535002319335936,-6.152671755725191
5721716238753,15.069324005,3,2.606088507080078,2.29843359375,-10.15267175572519
5721741206669,15.094291921,3,2.750937707519531,2.731784094238281,-18.984732824427482
5721766311149,15.119396401,3,2.528276953125,3.0789433349609374,-22.900763358778626
5721791260263,15.144345515,3,1.8004396484374998,3.3207577026367185,-13.908396946564885
5721816260992,15.169346244,3,1.2509703674316406,3.5960908935546874,-7.67175572519084
