timestamp_ns,t_s,sensor_id,ax,ay,az
5857811891878,0.0748275,1,-7.456741070556641,10.95466969604492,9.249998114013671
5857831860107,0.094795729,1,-5.592855078125,7.837419134521484,6.265625744628906
5857851854586,0.114790208,1,-2.7665000183105466,5.913678100585937,3.6906618591308593
5857871859482,0.134795104,1,-2.2349872497558594,3.8570588745117185,0.6392518432617187
5857891845888,0.15478151,1,-0.7829039428710937,3.385401147460937,-0.44412440795898434
5857911850107,0.174785729,1,0.2813186950683594,3.678690850830078,-1.351526837158203
5857931849482,0.194785104,1,-0.02633621826171875,4.1934442077636715,-2.770091320800781
5857951845315,0.214780937,1,-0.5422866760253906,5.540182641601562,-2.455253802490234
5857971849430,0.234785052,1,-3.9468414367675777,8.632294085693358,-0.6631938598632812
5857991847659,0.254783281,1,-6.1459156616210935,11.21683477783203,3.5960908935546874
5858011850055,0.274785677,1,-8.128314636230469,12.228384979248046,7.090428216552734
5858031849117,0.294784739,1,-7.18859048461914,12.070367669677733,10.230423693847655
5858051849065,0.314784687,1,-6.423643054199219,9.592368951416015,9.701305126953125
5858071844951,0.334780573,1,-5.023035083007812,6.2213330139160155,6.946776116943359
5858091848492,0.354784114,1,-4.171896392822266,4.768052606201172,4.102464544677734
5858111846982,0.374782604,1,-2.9364883361816405,5.607220288085937,2.398990063476562
5858131847659,0.394783281,1,-2.7748797241210936,6.721721160888672,1.4041992736816404
5858151848753,0.414784375,1,-2.445676995849609,7.721300354003906,1.0079588989257813
5858171848180,0.434783802,1,-2.1978771240234374,7.5345526245117185,0.3268085266113281
5858191845680,0.454781302,1,-1.886630908203125,6.947973217773437,-0.5351040710449219
5858211847659,0.474783281,1,-2.114080065917969,6.515819818115234,-0.4955997436523437
5858231848024,0.494783646,1,-2.834734765625,6.983886242675781,0.7625532287597656
5858251844013,0.514779635,1,-4.599261389160156,8.596381060791016,2.9185318237304685
5858271848232,0.534783854,1,-5.064933612060546,9.801861596679688,5.884947680664062
5858291848180,0.554783802,1,-5.668272430419922,9.753977563476562,7.135918048095703
5858311844690,0.574780312,1,-4.735730883789063,8.598775262451172,7.223306408691406
5858331848544,0.594784166,1,-4.618415002441406,6.404489440917969,5.327098693847656
5858351849169,0.614784791,1,-3.9827544616699218,6.1626750732421876,4.072537023925781
5858371845784,0.634781406,1,-4.2892122741699215,7.269993341064453,3.6355952209472653
5858391848857,0.654784479,1,-3.9420530334472654,8.881291058349609,3.9133226135253905
5858411846721,0.674782343,1,-3.821145849609375,9.114725720214842,3.400963458251953
5858431845471,0.694781093,1,-3.0980969482421874,7.848193041992187,2.0374656127929685
5858451849065,0.714784687,1,-2.128445275878906,6.272808349609375,1.0378864196777342
5858471849274,0.734784896,1,-1.6412252380371093,5.093664031982422,-0.017956512451171875
5858491845055,0.754780677,1,-1.686715069580078,5.123591552734375,-0.63206923828125
5858511848701,0.774784323,1,-2.389413256835937,6.434416961669921,0.23343466186523437
5858531848440,0.794784062,1,-4.309562988281249,9.054870678710937,2.4396914916992185
5858551845055,0.814780677,1,-5.682637640380859,10.459069952392577,5.31153638305664
5858571848492,0.834784114,1,-5.936423016357422,10.824185705566405,7.6087728759765625
5858591848544,0.854784166,1,-5.8610056640625,9.472658868408203,8.045714678955077
5858611844586,0.874780208,1,-4.7022120605468745,7.375338214111328,6.860584857177734
5858631848544,0.894784166,1,-4.461594793701171,5.7077767578125,4.563348364257812
5858651848128,0.91478375,1,-3.6008792968749996,6.317101080322265,3.603273498535156
5858671845315,0.934780937,1,-3.1543606872558594,7.729680059814453,2.7198130859375
5858691849273,0.954784895,1,-3.6583401367187496,8.426392742919921,1.935712042236328
5858711848336,0.974783958,1,-2.3690625427246093,7.917624890136718,1.322796417236328
5858731844273,0.994779895,1,-2.002749688720703,6.4463879699707025,0.1975216369628906
5858751847607,1.014783229,1,-1.5107412475585937,5.201403106689453,-0.939724151611328
5858771848805,1.034784427,1,-2.512714642333984,5.291185668945312,-0.9181763366699218
5858791844065,1.054779687,1,-2.519897247314453,6.762422589111328,-0.14724340209960937
5858811847919,1.074783541,1,-5.061342309570312,9.349357482910156,2.205059729003906
5858831847815,1.094783437,1,-5.7843912109375,11.401188305664062,6.341043096923828
5858851846305,1.114781927,1,-6.795941412353515,11.275492718505859,8.186972576904296
5858871850211,1.134785833,1,-5.821501336669922,10.226832391357421,9.530119708251952
5858891848909,1.154784531,1,-4.829104748535156,7.278373046874999,7.765593084716796
5858911845523,1.174781145,1,-3.6727053466796873,5.250484240722656,5.463568188476562
5858931848909,1.194784531,1,-2.530671154785156,4.668693237304687,3.5230677429199218
5858951848753,1.214784375,1,-2.5151088439941405,5.070919116210937,1.6555904479980468
5858971849273,1.234784895,1,-2.2673089721679687,6.235698223876953,0.5159504577636719
5858991848752,1.254784374,1,-2.8000188415527343,7.105990527343749,-0.5985504150390625
5859011848961,1.274784583,1,-3.246537451171875,8.25520732421875,-0.8451531860351562
5859031845523,1.294781145,1,-4.101267443847656,9.686939916992188,0.4070142822265625
5859051847867,1.314783489,1,-4.915296008300781,10.31062944946289,2.663549346923828
5859071848909,1.334784531,1,-4.592078784179687,10.11909331665039,4.368220928955078
5859091844430,1.354780052,1,-4.647145422363281,8.044517578125,4.7572786987304685
5859111849065,1.374784687,1,-4.16231958618164,6.7803791015625,5.021837982177734
5859131848180,1.394783802,1,-4.2317514343261715,6.430825659179687,5.306747979736328
5859151845211,1.414780833,1,-4.186261602783203,7.6279264892578125,5.670666632080078
5859171849586,1.434785208,1,-4.090493536376953,8.629899884033202,5.240907434082031
5859191848023,1.454783645,1,-3.88818349609375,8.437166650390624,3.8367081604003905
5859211844846,1.474780468,1,-3.2704794677734372,7.766790185546874,2.3056161987304686
5859231848492,1.494784114,1,-2.920926025390625,6.925228302001953,1.6508020446777343
5859251848232,1.514783854,1,-2.6336218261718747,6.625953094482422,1.1384428894042968
5859271845315,1.534780937,1,-2.4013842651367185,6.758831286621094,0.8655039001464844
5859291848700,1.554784322,1,-2.5330653564453125,6.562506750488281,0.3507505432128906
5859311848752,1.574784374,1,-2.4660277099609376,6.6905965393066404,0.1484405029296875
5859331844221,1.594779843,1,-2.6611551452636717,7.235277416992187,0.7350199096679687
5859351849013,1.614784635,1,-4.097676141357422,8.560468035888672,2.360682836914062
5859371848388,1.63478401,1,-4.800374328613281,9.95987890625,4.4568063903808595
5859391845367,1.654780989,1,-5.190629199218749,10.322600457763672,6.240486627197265
5859411849742,1.674785364,1,-4.655525128173828,9.028534460449219,7.071274603271484
5859431849377,1.694784999,1,-3.944447235107422,6.572083557128906,5.84185205078125
5859451844534,1.714780156,1,-3.8379052612304685,5.070919116210937,3.718195178222656
5859471849846,1.734785468,1,-3.816357446289062,6.123170745849609,2.6683377502441403
5859491847346,1.754782968,1,-5.57370146484375,9.00100114135742,3.402160559082031
5859511845523,1.774781145,1,-6.836642840576172,11.653776580810547,5.2253451232910155
5859531849534,1.794785156,1,-7.161057165527343,13.7906015625,6.83783994140625
5859551848388,1.81478401,1,-4.629188909912109,12.676100689697265,6.750451580810546
5859571844586,1.834780208,1,-4.035426898193359,7.329848382568359,2.7569232116699216
5859591848596,1.854784218,1,-1.6448165405273436,3.564966271972656,1.0857704528808594
5859611848648,1.87478427,1,-1.6675614562988281,1.4281412902832031,-0.2813186950683594
5859631845002,1.894780624,1,0.11252747802734374,2.5007436340332028,-1.0295067138671874
5859651846617,1.914782239,1,0.27174188842773433,4.054580511474609,-2.5354595581054684
5859671849742,1.934785364,1,-0.36750995483398435,6.235698223876953,-3.113659259033203
5859691845523,1.954781145,1,-1.426944189453125,8.834604125976561,-1.9764134704589842
5859711848388,1.97478401,1,-2.7066449768066403,10.485406170654297,0.8044517578125
5859731849429,1.994785051,1,-3.5972879943847653,10.67454810180664,2.4013842651367185
5859751851825,2.014787447,1,-5.965153436279296,10.02332525024414,3.870226983642578
5859771850627,2.034786249,1,-4.73094248046875,10.619481463623046,6.898892083740234
5859791850263,2.054785885,1,-6.527790826416015,9.16141265258789,6.9144543945312495
5859811846929,2.074782551,1,-5.190629199218749,8.943540301513671,7.793126403808594
5859831849221,2.094784843,1,-4.369418029785156,7.569268548583984,5.785588311767578
5859851848804,2.114784426,1,-3.1663316955566403,6.831854437255859,3.1579519897460937
5859871848179,2.134783801,1,-2.674323254394531,6.663063220214843,1.350329736328125
5859891848804,2.154784426,1,-2.536656658935547,7.805097412109374,0.9457096557617187
5859911849065,2.174784687,1,-2.6384102294921874,9.215282189941405,1.408987677001953
5859931844742,2.194780364,1,-3.1687258972167966,9.491812481689452,2.090138049316406
5859951848492,2.214784114,1,-3.172317199707031,8.352172491455077,2.492363928222656
5859971847815,2.234783437,1,-3.189076611328125,6.926425402832031,2.1835119140624997
5859991844846,2.254780468,1,-2.567781280517578,6.472724188232421,1.9620482604980467
5860011887658,2.27482328,1,-2.2972364929199216,6.343437298583984,1.1156979736328125
5860031856252,2.294791874,1,-2.3714567443847656,6.655880615234374,0.8152256652832031
5860051847033,2.314782655,1,-3.1759085021972653,7.818265521240234,1.782483135986328
5860071849325,2.334784947,1,-3.6104561035156246,9.5384994140625,3.1352070739746094
5860091848179,2.354783801,1,-4.370615130615234,9.603142858886718,3.758896606445312
5860111845054,2.374780676,1,-4.892551092529296,9.222464794921875,4.4005426513671875
5860131848440,2.394784062,1,-4.07971962890625,8.82263311767578,5.363011718749999
5860151848544,2.414784166,1,-3.9791631591796874,7.583633758544922,4.789600421142578
5860171846148,2.43478177,1,-3.057395520019531,6.688202337646484,4.06655151977539
5860191847867,2.454783489,1,-3.247734552001953,6.161477972412109,2.503137835693359
5860211848856,2.474784478,1,-3.21780703125,7.378929516601562,2.910152117919922
5860231845315,2.494780937,1,-3.920505218505859,8.538920220947265,3.1100679565429687
5860251848648,2.51478427,1,-4.170699291992188,9.1554271484375,3.497928625488281
5860271849117,2.534784739,1,-4.384980340576171,8.870517150878905,3.5290532470703124
5860291844846,2.554780468,1,-3.8666356811523435,8.368931903076172,3.5039141296386718
5860311848335,2.574783957,1,-3.4680011047363277,7.633911993408202,3.0238766967773434
5860331849429,2.594785051,1,-2.835931866455078,7.143100653076171,2.953247747802734
5860351845783,2.614781405,1,-2.749740606689453,6.653486413574218,2.539050860595703
5860371847919,2.634783541,1,-2.4947581298828125,6.763619689941406,2.4851813232421875
5860391848700,2.654784322,1,-2.625242120361328,6.999448553466796,2.5534160705566404
5860411844429,2.674780051,1,-2.7545290100097652,6.931213806152344,2.598905902099609
5860431849325,2.694784947,1,-2.887407202148437,7.269993341064453,2.7928362365722657
5860451849064,2.714784686,1,-4.490325213623047,7.936778503417968,3.6463691284179687
5860471845679,2.734781301,1,-5.318718988037109,9.434351641845703,4.637568615722656
5860491848700,2.754784322,1,-6.224924316406249,10.518924993896483,6.233304022216797
5860511849012,2.774784634,1,-6.054935998535156,10.639832177734375,7.668627917480468
5860531844429,2.794780051,1,-5.099649536132812,9.131485131835937,7.673416320800781
5860551848127,2.814783749,1,-4.107252947998047,8.09479581298828,6.198588098144531
5860571847502,2.834783124,1,-2.482787121582031,5.653907220458984,3.1926679138183593
5860591844794,2.854780416,1,-2.1607669982910154,3.6236242126464844,0.33518823242187495
5860611847919,2.874783541,1,-0.4896142395019531,3.6379894226074216,-0.8032546569824218
5860631848179,2.894783801,1,-0.11252747802734374,4.408922357177734,-2.1835119140624997
5860651845835,2.914781457,1,-1.5119383483886717,6.19260259399414,-3.086125939941406
5860671847137,2.934782759,1,-2.7461493041992187,9.379285003662108,0.29927520751953124
5860691848491,2.954784113,1,-4.592078784179687,11.285069525146485,3.4332851806640625
5860711845106,2.974780728,1,-5.681440539550781,11.569979522705077,5.568913061523437
5860731848648,2.99478427,1,-4.261678955078125,10.536881506347656,6.988674645996094
5860751848960,3.014784582,1,-4.478354205322265,7.174225274658203,5.136759661865234
5860771845158,3.03478078,1,-3.27526787109375,5.6311623046875,4.742913488769531
5860791849064,3.054784686,1,-3.4572271972656248,5.576095666503906,4.3825861389160155
5860811848543,3.074784165,1,-3.4452561889648434,7.228094812011718,4.5585599609375
5860831844273,3.094779895,1,-3.7792473205566406,8.564059338378906,3.8953661010742184
5860851849950,3.114785572,1,-3.418919970703125,8.514978204345702,2.8095956481933593
5860871849012,3.134784634,1,-3.1495722839355467,7.765593084716796,1.6807295654296874
5860891844846,3.154780468,1,-3.23696064453125,7.593210565185546,1.2641384765625
5860911849637,3.174785259,1,-3.427299676513672,8.384494213867187,1.85790048828125
5860931848596,3.194784218,1,-3.7529111022949215,8.577227447509765,2.8790274963378906
5860951845106,3.214780728,1,-3.7134067749023436,8.08881030883789,3.1076737548828124
5860971847658,3.23478328,1,-3.775656018066406,7.753622076416015,3.324349005126953
5860991847762,3.254783384,1,-3.517082238769531,7.805097412109374,3.928884924316406
5861011844741,3.274780363,1,-3.6619314392089843,7.618349682617187,3.9408559326171875
5861031848439,3.294784061,1,-3.2154128295898436,7.709329345703124,4.358644122314453
5861051848127,3.314783749,1,-3.096899847412109,7.080851409912109,3.678690850830078
5861071844637,3.334780259,1,-2.5917232971191404,6.9348051086425775,3.0166940917968748
5861091848179,3.354783801,1,-3.210624426269531,6.8976949829101555,2.6910826660156246
5861111847762,3.374783384,1,-3.1950621154785153,7.117961535644531,2.7928362365722657
5861131844845,3.394780467,1,-3.7014357666015623,8.270769635009765,2.8514941772460936
5861151848648,3.41478427,1,-3.3494881225585935,8.398859423828124,3.0633810241699218
5861171848179,3.434783801,1,-3.6272155151367187,7.918821990966796,3.6667198425292966
5861191844950,3.454780572,1,-3.4356793823242184,7.357381701660156,3.1387983764648437
5861211848283,3.474783905,1,-3.296815686035156,6.9156514953613275,3.228580938720703
5861231846877,3.494782499,1,-3.72178648071289,7.066486199951171,3.106476654052734
5861251845835,3.514781457,1,-3.5601778686523438,7.669825018310546,3.362656231689453
5861271864429,3.534800051,1,-4.055777612304687,7.659051110839843,3.497928625488281
5861291871095,3.554806717,1,-4.2329485351562495,7.219715106201171,3.4727895080566404
5861311914637,3.574850259,1,-3.0597897216796874,7.410054138183593,3.372233038330078
5861331868335,3.594803957,1,-4.879382983398437,6.758831286621094,2.6815058593749996
5861351961043,3.614896665,1,-4.16231958618164,7.995436444091796,3.9659950500488277
5861371872710,3.634808332,1,-5.442020373535156,7.918821990966796,3.910928411865234
5861391863647,3.654799269,1,-4.410119458007812,8.355763793945313,4.493916516113281
5861411869272,3.674804894,1,-4.619612103271484,7.624335186767578,3.7337574890136715
5861431870262,3.694805884,1,-4.46877739868164,7.128735443115234,3.038241906738281
5861451871824,3.714807446,1,-4.017470385742187,7.132326745605468,2.8383260681152342
5861471875106,3.734810728,1,-3.9659950500488277,6.8785413696289055,3.2405519470214843
5861491864845,3.754800467,1,-3.7720647155761715,7.777564093017578,2.9077579162597655
5861511871199,3.774806821,1,-4.267664459228516,7.951143713378905,2.5474305664062498
5861531870835,3.794806457,1,-4.019864587402344,8.361749298095702,2.498349432373047
5861551871147,3.814806769,1,-4.450820886230469,8.009801654052733,2.398990063476562
5861571866616,3.834802238,1,-4.201823913574218,7.681796026611328,2.7186159851074216
5861591862449,3.854798071,1,-3.641580725097656,7.46272657470703,3.266888165283203
5861611871720,3.874807342,1,-4.471171600341797,6.866570361328125,3.314772198486328
5861631871251,3.894806873,1,-4.274847064208984,7.244854223632812,3.1974563171386716
5861651865418,3.91480104,1,-4.459200592041015,7.692569934082031,3.190273712158203
5861671870522,3.934806144,1,-4.637568615722656,7.975085729980468,3.0526071166992184
5861691863126,3.954798748,1,-4.313154290771484,7.806294512939453,2.9604303527832028
5861711869533,3.974805155,1,-4.408922357177734,7.353790399169921,2.7425580017089843
5861731869220,3.994804842,1,-4.383783239746093,7.1778165771484375,2.749740606689453
5861751876668,4.01481229,1,-3.977966058349609,6.928819604492187,3.2537200561523436
5861771873022,4.034808644,1,-4.266467358398438,7.594407666015624,2.942473840332031
5861791864116,4.054799738,1,-4.447229583740234,7.751227874755859,2.7198130859375
5861811873231,4.074808853,1,-4.423287567138671,7.945158209228516,2.7234043884277344
5861831870210,4.094805832,1,-4.31554849243164,7.756016278076172,2.8227637573242186
5861851869064,4.114804686,1,-4.299986181640625,7.289146954345703,2.919728924560547
5861871871824,4.134807446,1,-3.881000891113281,7.232883215332031,3.034650604248047
5861891875418,4.15481104,1,-4.746504791259765,7.019799267578125,2.8383260681152342
5861911870574,4.174806196,1,-4.619612103271484,7.6279264892578125,3.3698388366699215
5861931872345,4.194807967,1,-4.92846411743164,8.057685687255859,3.265691064453125
5861951866928,4.21480255,1,-4.975151049804687,8.149862451171874,3.3590649291992185
5861971913074,4.234848696,1,-4.8889597900390624,8.227674005126953,3.3004069885253906
5861991864533,4.254800155,1,-5.046977099609375,8.366537701416014,3.4057518615722655
5862011869220,4.274804842,1,-4.881777185058594,8.313865264892577,3.9803602600097654
5862031870626,4.294806248,1,-5.039794494628906,7.87812056274414,3.6810850524902343
5862051866564,4.314802186,1,-3.2118215270996093,7.053318090820312,3.227383837890625
5862071869585,4.334805207,1,-3.5015199279785154,6.372167718505859,1.610100616455078
5862091864689,4.354800311,1,-2.482787121582031,6.460753179931641,1.4592659118652342
5862111868751,4.374804373,1,-3.507505432128906,6.698976245117187,0.7422025146484375
5862131865939,4.394801561,1,-3.1447838806152344,7.765593084716796,1.1935095275878906
5862151869741,4.414805363,1,-3.7110125732421873,8.028955267333984,1.2880804931640624
5862171868908,4.43480453,1,-3.603273498535156,7.9834654357910155,1.675941162109375
5862191864168,4.45479979,1,-3.6068648010253903,7.694964135742187,2.2493524597167966
5862211870210,4.474805832,1,-3.4105402648925778,7.447164263916015,2.2768857788085937
5862231869637,4.494805259,1,-4.3813890380859375,7.498639599609374,2.481590020751953
5862251871824,4.514807446,1,-4.279635467529297,8.319850769042969,3.7624879089355465
5862271870887,4.534806509,1,-5.106832141113281,8.30668265991211,4.554968658447265
5862291863022,4.554798644,1,-4.815936639404296,8.238447912597655,5.136759661865234
5862311869324,4.574804946,1,-5.128379956054687,7.926004595947266,4.917690209960937
5862331869949,4.594805571,1,-5.06253941040039,8.039729174804688,4.57771357421875
5862351870262,4.614805884,1,-5.015852478027344,8.342595684814453,3.9923312683105467
5862371871407,4.634807029,1,-4.491522314453125,8.374917407226562,3.537432952880859
5862391867137,4.654802759,1,-3.7289690856933593,7.649474304199218,2.3032219970703123
5862411869897,4.674805519,1,-2.9508535461425778,6.5972226745605465,1.3623007446289062
5862431869012,4.694804634,1,-2.1547814941406247,5.871779571533203,0.22385785522460935
5862451867918,4.71480354,1,-2.347514727783203,5.762843395996094,-0.9433154541015625
5862471871355,4.734806977,1,-2.7066449768066403,6.848613848876953,-0.8116343627929687
5862491864949,4.754800571,1,-2.991554974365234,8.10796392211914,0.5422866760253906
5862511869376,4.774804998,1,-4.1575311828613275,9.135076434326171,1.5131354492187499
5862531870834,4.794806456,1,-5.1702784851074215,9.211690887451171,3.5146880371093747
5862551870209,4.814805831,1,-5.6778492370605465,9.381679205322266,5.783194110107422
5862571868647,4.834804269,1,-5.3953334411621094,8.857349041748046,7.372944012451171
5862591864897,4.854800519,1,-5.309142181396484,7.281964349365234,7.107187628173827
5862611871303,4.874806925,1,-4.649539624023437,6.324283685302734,5.823895538330078
5862631870939,4.894806561,1,-4.276044165039062,6.4655415832519525,4.013879083251953
5862651869741,4.914805363,1,-3.906140008544922,7.199364392089843,2.4349030883789062
5862671869532,4.934805154,1,-3.2597055603027343,7.75721337890625,1.8327613708496093
5862691864949,4.954800571,1,-3.3219548034667965,7.326257080078125,0.5003881469726562
5862711870418,4.97480604,1,-2.916137622070312,7.123947039794921,-0.33399113159179683
5862731870314,4.994805936,1,-2.8790274963378906,7.206546997070312,-0.5183446594238281
5862751870626,5.014806248,1,-2.4480711975097655,7.963114721679687,0.6500257507324219
5862771868855,5.034804477,1,-2.8622680847167965,7.356184600830078,0.8726865051269531
5862791863855,5.054799477,1,-4.978742352294922,8.001421948242188,1.9991583862304687
5862811870991,5.074806613,1,-5.560533355712891,9.265560424804686,5.118803149414062
5862831870626,5.094806248,1,-5.846640454101562,9.645041387939452,7.011419561767577
5862851869845,5.114805467,1,-5.137956762695312,8.067262493896484,7.582436657714843
5862871869793,5.134805415,1,-4.57771357421875,5.914875201416015,5.94360562133789
5862891893439,5.154829061,1,-3.910928411865234,5.61200869140625,4.042609503173828
5862911876095,5.174811717,1,-4.490325213623047,6.533776330566406,2.882618798828125
5862931869793,5.194805415,1,-4.3059716857910155,8.497021691894531,2.5067291381835934
5862951872605,5.214808227,1,-4.217386224365234,9.090783703613281,2.1308394775390624
5862971871511,5.234807133,1,-3.404554760742187,8.135497241210937,1.456871710205078
5862991866772,5.254802394,1,-3.0741549316406247,6.645106707763672,0.44532150878906246
5863011869532,5.274805154,1,-2.8024130432128906,6.226121417236328,0.1975216369628906
5863031870053,5.294805675,1,-2.877830395507812,7.025784771728516,1.2808978881835937
5863051868386,5.314804008,1,-4.6351744140625,8.24203921508789,2.768894219970703
5863071869376,5.334804998,1,-4.647145422363281,9.846154327392577,5.597643481445312
5863091900261,5.354835883,1,-5.913678100585937,9.035717065429687,6.368576416015625
5863111870886,5.374806508,1,-5.092466931152344,8.298302954101562,7.219715106201171
5863131869740,5.394805362,1,-5.073313317871094,7.072471704101562,6.1447185607910155
5863151869949,5.414805571,1,-4.668693237304687,6.798335614013672,4.650736724853515
5863171870157,5.434805779,1,-3.8941690002441405,7.170633972167968,3.469198205566406
5863191863074,5.454798696,1,-3.6284126159667967,6.618770489501952,1.6508020446777343
5863211870626,5.474806248,1,-2.9664158569335934,6.438008264160156,-0.2813186950683594
5863231868438,5.49480406,1,-2.616862414550781,6.721721160888672,-1.543062969970703
5863251870313,5.514805935,1,-2.8754361938476563,7.436390356445312,-2.3427263244628906
5863271871615,5.534807237,1,-2.9664158569335934,9.010577947998046,-1.3970166687011718
5863291863699,5.554799321,1,-4.617217901611328,10.146626635742187,1.0582371337890624
5863311870001,5.574805623,1,-4.696226556396484,10.299855541992187,3.9707834533691404
5863331868803,5.594804425,1,-4.971559747314453,9.006986645507812,5.759252093505859
5863351869220,5.614804842,1,-3.6367923217773437,7.326257080078125,6.5409589355468745
5863371865730,5.634801352,1,-3.896563201904297,5.256469744873047,5.44561167602539
5863391863855,5.654799477,1,-3.6463691284179687,5.392939239501953,5.450400079345703
5863411870574,5.674806196,1,-4.235342736816406,7.013813763427734,5.125985754394531
5863431871407,5.694807029,1,-4.107252947998047,8.620323077392577,4.43047017211914
5863451869845,5.714805467,1,-3.787627026367187,8.63109698486328,2.741360900878906
5863471870730,5.734806352,1,-3.3710359375,7.566874346923828,1.370680450439453
5863491864376,5.754799998,1,-3.2788591735839843,6.719326959228515,0.47285482788085936
5863511871876,5.774807498,1,-3.763685009765625,7.074865905761718,0.0
5863531870834,5.794806456,1,-4.304774584960938,8.615534674072265,0.8631096984863281
5863551870678,5.8148063,1,-4.534617944335937,9.767145672607422,2.1260510742187497
5863571869636,5.834805258,1,-4.520252734375,9.543287817382812,2.8383260681152342
5863591861876,5.854797498,1,-4.320336895751953,8.073247998046874,3.0442274108886718
5863611910209,5.874845831,1,-3.632003918457031,7.070077502441406,2.7557261108398436
5863631868542,5.894804164,1,-3.544615557861328,6.641515405273437,2.7150246826171873
5863651869897,5.914805519,1,-3.3770214416503905,7.163451367187499,3.057395520019531
5863671869272,5.934804894,1,-3.4919431213378904,8.09479581298828,3.9360675292968748
5863691863647,5.954799269,1,-3.7481226989746093,8.373720306396484,4.838681555175781
5863711906147,5.974841769,1,-3.886986395263672,7.808688714599609,5.079298822021484
5863731871876,5.994807498,1,-3.6535517333984373,7.184999182128906,4.643554119873047
5863751876147,6.014811769,1,-3.930082025146484,6.6331356994628905,3.594893792724609
5863771871928,6.03480755,1,-3.977966058349609,7.30351216430664,3.287238879394531
5863791862657,6.054798279,1,-4.803965631103515,8.09479581298828,3.1004911499023438
5863811869011,6.074804633,1,-4.065354418945312,8.917204083251953,3.2070331237792966
5863831873751,6.094809373,1,-4.368220928955078,8.022969763183593,2.7425580017089843
5863851869740,6.114805362,1,-4.145560174560547,7.1215528381347655,1.1552023010253905
5863871870001,6.134805623,1,-3.356670727539062,7.791929302978515,-1.0678139404296874
5863891863751,6.154799373,1,-3.3159692993164063,9.045293872070312,-0.033518823242187495
5863911868751,6.174804373,1,-4.052186309814453,9.163806854248046,0.09576806640624999
5863931870521,6.194806143,1,-3.9456443359374997,8.978256225585938,0.28730419921875
5863951869532,6.214805154,1,-3.414131567382812,8.942343200683593,1.3359645263671873
5863971870001,6.234805623,1,-3.4620156005859375,8.252813122558594,2.9747955627441405
5863991864532,6.254800154,1,-3.2884359802246093,7.040149981689453,4.295197778320312
5864011869480,6.274805102,1,-2.711433380126953,6.343437298583984,5.360617517089843
5864031870938,6.29480656,1,-2.346317626953125,6.185419989013671,5.972336041259766
5864051869792,6.314805414,1,-2.9747955627441405,6.257246038818359,6.238092425537109
5864071869376,6.334804998,1,-3.436876483154297,6.926425402832031,6.396109735107421
5864091863751,6.354799373,1,-3.746925598144531,7.5908163635253905,6.275202551269531
5864111867813,6.374803435,1,-4.480748406982421,7.480683087158202,5.147533569335937
5864131910417,6.394846039,1,-4.789600421142578,7.250839727783203,3.7612908081054686
5864151870626,6.414806248,1,-6.497863305664062,6.641515405273437,1.2306196533203124
5864171870209,6.434805831,1,-4.908113403320312,8.12113203125,-0.9947907897949219
5864191862969,6.454798591,1,-5.137956762695312,10.104728106689452,-1.180341418457031
5864211868855,6.474804477,1,-5.437231970214843,11.334150659179686,-0.7613561279296874
5864231870365,6.494805987,1,-5.072116217041016,10.684124908447265,-1.131260284423828
5864251871719,6.514807341,1,-4.14316597290039,9.853336932373047,-0.5686228942871093
5864271870365,6.534805987,1,-4.080916729736328,8.580818749999999,1.3084312072753905
5864291871511,6.554807133,1,-3.5051112304687497,7.905653881835937,3.441664886474609
5864311870834,6.574806456,1,-3.0609868225097654,6.068104107666016,4.593275885009765
5864331869219,6.594804841,1,-2.929305731201172,5.193023400878906,5.347449407958984
5864351871355,6.614806977,1,-2.741360900878906,5.72693037109375,6.303932971191406
5864371869896,6.634805518,1,-3.027467999267578,6.968323931884766,6.5505357421875
5864391864375,6.654799997,1,-3.1591490905761717,7.586027960205078,6.2009822998046875
5864411869844,6.674805466,1,-2.834734765625,7.252036828613281,5.104437939453125
5864431868646,6.694804268,1,-3.076549133300781,7.267599139404297,4.266467358398438
5864451869427,6.714805049,1,-2.948459344482422,7.463923675537109,3.430890979003906
5864471870625,6.734806247,1,-3.1304186706542967,7.243657122802734,2.7832594299316407
5864491862969,6.754798591,1,-3.365050433349609,7.375338214111328,3.075352032470703
5864511867865,6.774803487,1,-4.491522314453125,7.2723875427246085,3.2692823669433593
5864531871094,6.794806716,1,-5.643133312988281,7.799111907958984,2.005143890380859
5864551870365,6.814805987,1,-4.7764323120117185,9.023746057128905,0.8307879760742187
5864571869844,6.834805466,1,-5.155913275146484,10.169371551513672,0.853532891845703
5864591862448,6.85479807,1,-4.976348150634766,10.014945544433592,0.9696516723632812
5864611865365,6.874800987,1,-4.493916516113281,8.87410845336914,-0.0383072265625
5864631870105,6.894805727,1,-3.365050433349609,8.447940557861328,0.5063736511230469
5864651909323,6.914844945,1,-3.5889082885742187,8.06965669555664,1.68551796875
5864671870782,6.934806404,1,-3.0885201416015624,6.93959351196289,3.660734338378906
5864691863177,6.954798799,1,-2.816778253173828,6.56968935546875,4.7764323120117185
5864711868802,6.974804424,1,-2.195482922363281,6.420051751708984,5.686228942871093
5864731870365,6.994805987,1,-2.114080065917969,6.549338641357421,6.11598814086914
5864751869532,7.014805154,1,-2.002749688720703,6.398503936767578,6.768408093261718
5864771870417,7.034806039,1,-2.3367408203125,6.0333881835937495,6.476315490722656
5864791865209,7.054800831,1,-2.7138275817871094,5.835866546630859,5.685031842041015
5864811870104,7.074805726,1,-3.968389251708984,6.506243011474609,5.471947894287109
5864831869636,7.094805258,1,-5.3199160888671875,7.5465236328125,3.896563201904297
5864851869375,7.114804997,1,-5.932831713867187,8.495824591064453,2.002749688720703
5864871869896,7.134805518,1,-5.512649322509765,9.551667523193359,0.028730419921875
5864891862917,7.154798539,1,-5.607220288085937,9.74200655517578,-0.1292868896484375
5864911869427,7.174805049,1,-6.066907006835937,9.545682019042967,-0.5877765075683593
5864931869063,7.194804685,1,-5.1702784851074215,10.078391888427733,-0.29448680419921874
5864951869167,7.214804789,1,-5.121197351074218,9.264363323974608,0.33399113159179683
5864971871302,7.234806924,1,-4.880580084228515,8.564059338378906,1.4472949035644531
5864991865365,7.254800987,1,-4.485536810302734,8.042123376464843,1.7525556152343749
5865011871042,7.274806664,1,-3.4644098022460934,7.461529473876952,3.19865341796875
5865031871354,7.294806976,1,-3.4105402648925778,6.396109735107421,3.4955344238281247
5865051869375,7.314804997,1,-2.8323405639648436,6.823474731445312,4.627991809082031
5865071871979,7.334807601,1,-2.3882161560058592,7.562085943603515,5.572504364013671
5865091863594,7.354799216,1,-1.7214309936523438,7.261613635253906,6.064512805175781
5865111870886,7.374806508,1,-1.3299790222167969,6.040570788574218,5.7149593627929685
5865131869740,7.394805362,1,-1.581370196533203,5.33068999633789,5.743689782714843
5865151870990,7.414806612,1,-1.867477294921875,5.735310076904296,5.476736297607421
5865171911615,7.434847237,1,-3.020285394287109,6.281188055419921,4.988319158935546
5865191863698,7.45479932,1,-3.6487633300781246,7.461529473876952,4.101267443847656
5865211869271,7.474804893,1,-4.936843823242187,8.440757952880858,2.931699932861328
5865231869271,7.494804893,1,-5.145139367675781,9.34696328125,2.0063409912109376
5865251868802,7.514804424,1,-5.687426043701172,9.355342987060546,1.1468225952148436
5865271869948,7.53480557,1,-5.785588311767578,9.162609753417968,0.3950432739257812
5865291864167,7.554799789,1,-5.645527514648437,8.99501563720703,-0.3507505432128906
5865311867604,7.574803226,1,-5.0577510070800775,9.115922821044922,-0.11731588134765625
5865331871146,7.594806768,1,-4.65432802734375,9.284714038085937,1.0211270080566406
5865351868802,7.614804424,1,-3.986345764160156,8.658630303955078,2.1679496032714844
5865371870104,7.634805726,1,-3.5613749694824217,7.904456781005859,3.2740707702636715
5865391863802,7.654799424,1,-2.5641899780273434,6.9336080078124995,4.426878869628906
5865411869167,7.674804789,1,-2.346317626953125,6.15429536743164,4.942829327392578
5865431869531,7.694805153,1,-2.3726538452148436,5.9783215454101555,5.815515832519531
5865451870000,7.714805622,1,-2.6467899353027344,6.5206082214355465,6.331466290283203
5865471870365,7.734805987,1,-2.574963885498047,7.025784771728516,6.360196710205078
5865491863750,7.754799372,1,-2.8790274963378906,6.879738470458984,5.161898779296875
5865511869792,7.774805414,1,-2.8407202697753906,7.107187628173827,3.938461730957031
5865531869688,7.79480531,1,-2.6240450195312497,7.524975817871093,3.77326181640625
5865551870260,7.814805882,1,-3.1184476623535153,7.569268548583984,4.149151477050781
5865571868906,7.834804528,1,-3.084928839111328,7.504625103759765,4.6627077331542965
5865591865833,7.854801455,1,-4.545391851806641,6.582857464599609,3.630806817626953
5865611870885,7.874806507,1,-4.059368914794922,6.949170318603516,1.4688427185058592
5865631870729,7.894806351,1,-4.1958384094238275,8.201337786865233,0.5255272644042969
5865651868073,7.914803695,1,-4.629188909912109,9.616310968017578,0.7074865905761718
5865671869115,7.934804737,1,-4.929661218261718,9.981426721191406,1.6627730529785156
5865691862917,7.954798539,1,-5.555744952392578,8.577227447509765,1.4975731384277342
5865711869948,7.97480557,1,-5.633556506347656,7.456741070556641,1.1049240661621094
5865731869219,7.994804841,1,-5.473144995117187,8.26837543334961,1.5167267517089842
5865751870729,8.014806351,1,-5.046977099609375,8.832209924316405,1.2952630981445312
5865771875469,8.034811091,1,-4.830301849365234,9.16859525756836,1.7262193969726563
5865791866094,8.054801716,1,-3.8103719421386715,8.42160433959961,2.213439434814453
5865811870781,8.074806403,1,-3.5889082885742187,7.250839727783203,2.551021868896484
5865831872187,8.094807809,1,-2.9448680419921875,6.921636999511718,3.749319799804687
5865851868854,8.114804476,1,-2.8371289672851563,6.845022546386718,4.679467144775391
5865871870000,8.134805622,1,-2.5450363647460934,6.754042883300781,5.3953334411621094
5865891863594,8.154799216,1,-2.232593048095703,6.926425402832031,5.736507177734374
5865911868958,8.17480458,1,-1.9668366638183592,7.07366880493164,6.335057592773437
5865931869739,8.194805361,1,-2.0374656127929685,6.5780690612792965,6.763619689941406
5865951870104,8.214805726,1,-2.385821954345703,5.884947680664062,6.056133099365234
5865971868750,8.234804372,1,-2.1535843933105467,5.963956335449218,5.686228942871093
5865991863854,8.254799476,1,-4.07971962890625,6.048950494384766,4.432864373779297
5866011914479,8.274850101,1,-3.745728497314453,6.9144543945312495,2.3499089294433593
5866031880677,8.294816299,1,-4.753687396240234,8.619125976562499,1.5322890624999999
5866051873125,8.314808747,1,-5.355829113769531,9.86411083984375,1.8746598999023436
5866071871562,8.334807184,1,-5.767631799316406,9.795876092529296,1.6208745239257811
5866091863489,8.354799111,1,-5.9950809570312495,8.614337573242187,1.112106671142578
5866111868906,8.374804528,1,-5.999869360351562,7.556100439453124,0.34237083740234375
5866131868646,8.394804268,1,-5.667075329589843,8.297105853271484,0.32561142578124996
5866151869635,8.414805257,1,-5.371391424560547,8.859743243408202,1.0283096130371092
5866171868802,8.434804424,1,-4.689043951416015,9.187748870849608,1.7717092285156248
5866191865625,8.454801247,1,-4.341884710693359,8.090007409667969,2.427720483398437
5866211870729,8.474806351,1,-3.8690298828125,7.105990527343749,3.116053460693359
5866231868385,8.494804007,1,-3.4440590881347655,6.852205151367187,3.6954502624511716
5866251868281,8.514803903,1,-2.9173347229003905,7.18859048461914,4.298789080810547
5866271868281,8.534803903,1,-2.9975404785156248,7.0473325866699215,4.613626599121093
5866291866041,8.554801663,1,-2.786850732421875,6.7277066650390625,4.649539624023437
5866311938073,8.574873695,1,-2.117671368408203,6.888118176269531,4.604049792480469
5866331876823,8.594812445,1,-1.3766659545898436,6.980294940185546,4.669890338134765
5866351874843,8.614810465,1,-0.5207388610839844,6.858190655517578,5.023035083007812
5866371870468,8.63480609,1,-0.604535919189453,6.412869146728515,6.0704983093261715
5866391865937,8.654801559,1,-1.4508862060546874,5.125985754394531,6.438008264160156
5866411870156,8.674805778,1,-2.877830395507812,4.905719201660156,6.386532928466797
5866431870156,8.694805778,1,-5.469553692626953,5.385756634521484,4.691438153076172
5866451870312,8.714805934,1,-7.095216619873047,7.5345526245117185,2.768894219970703
5866471871041,8.734806663,1,-7.987056738281249,9.758765966796874,1.4820108276367188
5866491900625,8.754836247,1,-7.254431030273437,11.352107171630859,0.2753331909179687
5866511870104,8.774805726,1,-6.99705435180664,10.60990465698242,-1.1671733093261718
5866531868437,8.794804059,1,-5.522226129150391,9.843760125732421,-1.3922282653808593
5866551870364,8.814805986,1,-4.815936639404296,8.985438830566405,-0.4465186096191406
5866571869739,8.834805361,1,-4.6627077331542965,7.5142019104003905,1.303642803955078
5866591901250,8.854836872,1,-3.6176387084960937,6.750451580810546,2.8574796813964842
5866611869791,8.874805413,1,-3.496731524658203,6.5948284729003905,3.3638533325195312
5866631868645,8.894804267,1,-3.4536358947753905,6.673837127685546,4.978742352294922
5866651868020,8.914803642,1,-3.1280244689941403,7.023390570068359,5.529408734130859
5866671869218,8.93480484,1,-2.6623522460937497,6.773196496582031,6.047753393554687
5866691901250,8.954836872,1,-2.4289175842285156,6.795941412353515,6.344634399414062
5866711870312,8.974805934,1,-2.039859814453125,6.846219647216796,6.868964562988281
5866731868593,8.994804215,1,-2.0973206542968748,6.040570788574218,6.534973431396484
5866751864947,9.014800569,1,-2.3582886352539063,5.397727642822265,5.1894320983886715
5866771868177,9.034803799,1,-3.199850518798828,5.687426043701172,3.593696691894531
5866791862604,9.054798226,1,-3.708618371582031,7.18859048461914,2.8431144714355465
5866811869062,9.074804684,1,-5.431246466064453,8.254010223388672,2.1344307800292968
5866831870989,9.094806611,1,-6.1088055358886715,9.020154754638671,1.3539210388183593
5866851870312,9.114805934,1,-6.828263134765624,9.064447485351561,0.4273649963378906
5866871870208,9.13480583,1,-6.451176373291015,9.846154327392577,0.24779987182617186
5866891946927,9.154882549,1,-5.591657977294922,10.220846887207031,0.32082302246093747
5866911872812,9.174808434,1,-4.7572786987304685,9.313444458007812,0.7565677246093749
5866931870260,9.194805882,1,-4.733336682128906,7.4603323730468745,1.848323681640625
5866951870208,9.21480583,1,-2.9269115295410155,7.132326745605468,3.2166099304199216
5866971870729,9.234806351,1,-3.1603461914062496,6.625953094482422,4.624400506591797
5866991865937,9.254801559,1,-2.3163901062011716,6.285976458740234,5.936423016357422
5867011869999,9.274805621,1,-2.288856787109375,5.872976672363281,6.459556079101562
5867031869895,9.294805517,1,-2.455253802490234,5.8083332275390624,6.600813977050781
5867051870312,9.314805934,1,-2.5570073730468748,6.341043096923828,6.663063220214843
5867071865520,9.334801142,1,-2.916137622070312,6.639121203613281,5.759252093505859
5867091863854,9.354799476,1,-3.536235852050781,6.839037042236328,4.129997863769531
5867111872031,9.374807653,1,-3.816357446289062,7.645883001708984,2.767697119140625
5867131870885,9.394806507,1,-4.062960217285156,8.291120349121094,1.8004396484374998
5867151869635,9.414805257,1,-4.064157318115234,8.786720092773438,1.476025323486328
5867171869062,9.434804684,1,-4.27724126586914,8.616731774902343,1.543062969970703
5867191864270,9.454799892,1,-3.803189337158203,8.796296899414061,2.2565350646972653
5867211909270,9.474844892,1,-3.7098154724121093,7.953537915039062,2.931699932861328
5867231871510,9.494807132,1,-3.6762966491699216,7.174225274658203,3.9037458068847655
5867251870156,9.514805778,1,-3.925293621826172,6.908468890380859,4.311957189941406
5867271869374,9.534804996,1,-3.794809631347656,7.262810736083984,4.513070129394531
5867291862395,9.554798017,1,-3.3506852233886715,7.68059892578125,3.9456443359374997
5867311868645,9.574804267,1,-2.8993782104492185,7.762001782226562,3.2130186279296873
5867331869947,9.594805569,1,-3.422511273193359,7.060500695800781,2.522291448974609
5867351869999,9.614805621,1,-3.896563201904297,7.259219433593749,2.6384102294921874
5867371868281,9.634803903,1,-4.622006304931641,7.793126403808594,2.986766571044922
5867391870260,9.654805882,1,-4.679467144775391,9.022548956298827,3.355473626708984
5867411869531,9.674805153,1,-4.655525128173828,9.02135185546875,3.3387142150878906
5867431871145,9.694806767,1,-4.329913702392578,8.514978204345702,3.1172505615234374
5867451868801,9.714804423,1,-4.264073156738281,7.675810522460937,2.845508673095703
5867471863020,9.734798642,1,-4.356249920654297,7.34181939086914,3.1016882507324217
5867491874635,9.754810257,1,-5.592855078125,8.220491400146484,3.782838623046875
5867511872030,9.774807652,1,-5.869385369873046,10.60990465698242,4.978742352294922
5867531869947,9.794805569,1,-6.3973068359375,10.94868419189453,5.050568402099609
5867551868749,9.814804371,1,-5.424063861083984,10.882843646240234,4.471171600341797
5867571864010,9.834799632,1,-5.364208819580078,9.038111267089842,2.858676782226562
5867591870937,9.854806559,1,-4.651933825683593,7.742848168945312,1.6256629272460936
5867611869530,9.874805152,1,-3.058592620849609,7.70573804321289,1.3587094421386718
5867631908749,9.894844371,1,-1.1839327209472656,6.754042883300781,1.8650830932617186
5867651869843,9.914805465,1,-0.5015852478027344,4.3430818115234375,1.6615759521484375
5867671862916,9.934798538,1,-0.9157821350097656,2.252943762207031,1.265335577392578
5867691868645,9.954804267,1,-0.8295908752441405,2.3786393493652342,0.43574470214843747
5867711868645,9.974804267,1,-2.546233465576172,3.8690298828125,-0.842758984375
5867731868020,9.994803642,1,-6.998251452636718,8.949525805664061,-2.098517755126953
5867751868593,10.014804215,1,-5.063736511230468,15.11100377807617,-0.3794809631347656
5867771862707,10.034798329,1,-4.491522314453125,17.068263635253906,0.36631285400390623
5867791874843,10.054810465,1,-2.905363714599609,15.076287854003905,0.3806780639648437
5867811870312,10.074805934,1,-2.2972364929199216,10.813411798095702,-0.2166752502441406
5867831868593,10.094804215,1,-1.9728221679687499,7.9092451843261715,-0.10175357055664062
5867851870780,10.114806402,1,-2.442085693359375,6.4284314575195305,-0.86191259765625
5867871865989,10.134801611,1,-2.568978381347656,7.37414111328125,-0.6907271789550781
5867891869478,10.1548051,1,-5.641936212158202,5.979518646240234,-2.8898014038085935
5867911870520,10.174806142,1,-6.229712719726562,7.934384301757812,-2.117671368408203
5867931868905,10.194804527,1,-4.7189714721679685,11.394005700683593,-0.27892449340820313
5867951870520,10.214806142,1,-5.6778492370605465,10.826579907226561,-0.3651157531738281
5867971863384,10.234799006,1,-5.492298608398437,9.476250170898437,-0.1005564697265625
5867991870051,10.254805673,1,-2.574963885498047,8.904035974121093,0.9074024291992187
5868011870103,10.274805725,1,-2.9891607727050777,6.791153009033203,0.26815058593749996
5868031869322,10.294804944,1,-3.1112650573730467,6.132747552490234,-1.6735469604492186
5868051869791,10.314805413,1,-1.7812860351562498,7.9283987976074215,-2.8371289672851563
5868071864687,10.334800309,1,-1.9764134704589842,9.647435589599608,-4.513070129394531
5868091869270,10.354804892,1,-2.2744915771484373,11.382034692382812,-4.416104962158203
5868111870884,10.374806506,1,-1.9919757812499999,10.874463940429687,-3.6619314392089843
5868131865676,10.394801298,1,-0.4608838195800781,8.201337786865233,-1.8004396484374998
5868151870624,10.414806246,1,-2.029085906982422,5.019443780517578,-0.603338818359375
5868171863228,10.43479885,1,-1.6807295654296874,4.432864373779297,0.7445967163085937
5868191869374,10.454804996,1,-1.4041992736816404,4.525041137695312,1.2868833923339842
5868211868801,10.474804423,1,-3.23696064453125,6.4463879699707025,1.3778630554199218
5868231868957,10.494804579,1,-4.497507818603515,7.612364178466796,-0.39145197143554683
5868251870676,10.514806298,1,-0.24061726684570311,7.36097300415039,0.6392518432617187
5868271862811,10.534798433,1,-2.062604730224609,5.087678527832031,-0.2645592834472656
5868291870311,10.554805933,1,-1.13006318359375,5.816712933349609,1.5885528015136718
5868311869791,10.574805413,1,-3.660734338378906,6.254851837158203,0.82360537109375
5868331867082,10.594802704,1,-3.640383624267578,8.571241943359375,0.10295067138671875
5868351868124,10.614803746,1,-5.025429284667968,10.46385835571289,-1.006761798095703
5868371863697,10.634799319,1,-5.195417602539062,12.977770098876952,1.1252747802734375
5868391871770,10.654807392,1,-5.2253451232910155,13.376404675292967,2.002749688720703
5868411869999,10.674805621,1,-5.274426257324219,11.805808386230469,2.5641899780273434
5868431870572,10.694806194,1,-6.016628771972656,9.958681805419921,2.0266917053222655
5868451910363,10.714845985,1,-5.862202764892578,8.883685260009765,1.1815385192871093
5868471863697,10.734799319,1,-5.431246466064453,8.908824377441405,0.7972691528320313
5868491869218,10.75480484,1,-3.6439749267578123,9.345766180419922,1.455674609375
5868511870207,10.774805829,1,-3.845087866210937,7.951143713378905,1.7669208251953124
5868531869322,10.794804944,1,-7.308300567626953,5.093664031982422,0.1879448303222656
5868551869218,10.81480484,1,-3.2788591735839843,8.305485559082031,2.7533319091796873
5868571862343,10.834797965,1,-5.705382556152343,8.185775476074218,2.0171148986816405
5868591867291,10.854802913,1,-6.149506964111327,9.5384994140625,3.718195178222656
5868611870259,10.874805881,1,-4.996698864746094,11.505336077880859,3.265691064453125
5868631870468,10.89480609,1,-6.962338427734375,8.895656268310546,1.2785036865234374
5868651868957,10.914804579,1,-7.775169891357422,9.227253198242186,1.2581529724121092
5868671863957,10.934799579,1,-7.510610607910156,10.026916552734374,2.012326495361328
5868691870155,10.954805777,1,-4.896142395019531,9.771934075927733,3.3028011901855465
5868711869999,10.974805621,1,-3.737348791503906,7.247248425292969,2.099714855957031
5868731869218,10.99480484,1,-1.216254443359375,4.507084625244141,2.7234043884277344
5868751869895,11.014805517,1,-0.7625532287597656,2.503137835693359,4.033032696533203
5868771869009,11.034804631,1,-2.01112939453125,2.868253588867187,2.088940948486328
5868791873020,11.054808642,1,-2.146401788330078,4.02824429321289,1.4401122985839843
5868811873436,11.074809058,1,-4.428075970458984,6.019022973632812,2.1811177124023438
5868831870415,11.094806037,1,-3.727771984863281,8.435969549560546,3.5877111877441403
5868851871405,11.114807027,1,-4.033032696533203,10.518924993896483,2.8036101440429686
5868871864530,11.134800152,1,-3.151966485595703,8.840589630126953,3.1735143005371094
5868891871770,11.154807392,1,-3.3207577026367185,7.247248425292969,3.4452561889648434
5868911869061,11.174804683,1,-3.076549133300781,6.698976245117187,3.9085342102050777
5868931869530,11.194805152,1,-4.3442789123535155,5.267243652343749,3.438073583984375
5868951869009,11.214804631,1,-5.628768103027343,5.781997009277344,3.393780853271484
5868971864113,11.234799735,1,-6.4667386840820305,7.2532339294433585,3.7984009338378906
5868991869634,11.254805256,1,-4.697423657226563,9.345766180419922,4.094084838867187
5869011869738,11.27480536,1,-6.937199310302734,9.284714038085937,1.7202338928222656
5869031888436,11.294824058,1,-4.8686090759277345,8.483853582763672,1.7800889343261719
5869051874582,11.314810204,1,-5.702988354492187,6.405686541748047,3.766079211425781
5869071863905,11.334799527,1,-5.219359619140625,7.720103253173828,6.706158850097656
5869091872551,11.354808173,1,-6.393715533447265,7.637503295898437,5.723339068603515
5869111871457,11.374807079,1,-6.694187841796874,6.655880615234374,5.607220288085937
5869131869842,11.394805464,1,-9.14824454345703,5.288791467285156,2.8275521606445313
5869151869634,11.414805256,1,-7.977479931640625,3.726574884033203,0.13287819213867186
5869171865051,11.434800673,1,-2.6623522460937497,7.375338214111328,2.104503259277344
5869191870415,11.454806037,1,-5.610811590576172,6.062118603515625,1.608903515625
5869211869374,11.474804996,1,-5.019443780517578,5.5545478515625,3.7098154724121093
5869231869686,11.494805308,1,-7.078457208251953,5.870582470703124,5.286397265624999
5869251869530,11.514805152,1,-7.304709265136719,7.30351216430664,5.965153436279296
5869271864321,11.534799943,1,-6.411672045898437,6.889315277099609,5.778405706787109
5869291868228,11.55480385,1,-4.229357232666016,6.874950067138672,4.740519287109374
5869311868957,11.574804579,1,-4.466383197021484,5.4013189453125,1.9141642272949217
5869331870467,11.594806089,1,-2.972401361083984,5.6024318847656245,1.476025323486328
5869351871405,11.614807027,1,-3.5877111877441403,5.327098693847656,1.6017209106445311
5869371865624,11.634801246,1,-4.92247861328125,6.32667788696289,3.2513258544921873
5869391869999,11.654805621,1,-4.298789080810547,6.932410906982422,5.627571002197265
5869411869842,11.674805464,1,-4.103661645507812,6.835445739746094,6.153098266601562
5869431870780,11.694806402,1,-4.3251252990722655,5.8226984375,4.4568063903808595
5869451869165,11.714804787,1,-4.826710546875,5.876567974853515,2.4588451049804685
5869471863436,11.734799058,1,-4.44363828125,6.07768091430664,2.9281086303710935
5869491869269,11.754804891,1,-4.969165545654296,6.155492468261718,3.373430139160156
5869511869582,11.774805204,1,-4.523844036865234,6.300341668701171,3.2213983337402343
5869531869321,11.794804943,1,-4.145560174560547,6.919242797851562,3.4261025756835934
5869551869269,11.814804891,1,-5.233724829101562,7.0090253601074215,2.7473464050292966
5869571864946,11.834800568,1,-5.626373901367187,7.675810522460937,3.9636008483886718
5869591870623,11.854806245,1,-6.121973645019531,8.085219006347655,5.373785626220703
5869611868071,11.874803693,1,-3.6152445068359373,6.7085530517578125,5.827486840820312
5869631867603,11.894803225,1,-4.1766847961425775,4.254496350097656,3.393780853271484
5869651870259,11.914805881,1,-3.930082025146484,4.150348577880859,2.129642376708984
5869671863019,11.934798641,1,-4.995501763916016,6.387730029296875,2.913743420410156
5869691870780,11.954806402,1,-6.098031628417968,8.543708624267577,5.84185205078125
5869711870571,11.974806193,1,-7.274781744384765,8.61792887573242,6.810306622314453
5869731869686,11.994805308,1,-6.839037042236328,6.059724401855468,4.502296221923828
5869751868957,12.014804579,1,-6.4284314575195305,4.854243865966796,1.4520833068847656
5869771864478,12.0348001,1,-5.179855291748047,6.007051965332031,1.7944541442871094
5869791878332,12.054813954,1,-5.865794067382812,6.762422589111328,4.824316345214844
5869811872759,12.074808381,1,-7.381323718261719,6.3973068359375,4.191050006103516
5869831869217,12.094804839,1,-5.644330413818359,6.068104107666016,2.89219560546875
5869851870363,12.114805985,1,-5.810727429199218,5.157110375976562,2.108094561767578
5869871866457,12.134802079,1,-6.246472131347656,5.864596966552734,2.6096798095703124
5869891872498,12.15480812,1,-3.6487633300781246,8.219294299316406,3.116053460693359
5869911870675,12.174806297,1,-1.849520782470703,7.335833886718749,3.23696064453125
5869931869425,12.194805047,1,-2.615665313720703,5.090072729492187,3.0729578308105467
5869951870102,12.214805724,1,-4.542997650146484,4.504690423583984,2.890998504638672
5869971906092,12.234841714,1,-5.087678527832031,7.295132458496093,5.173869787597656
5869991871509,12.254807131,1,-5.661089825439452,8.239645013427733,5.914875201416015
5870011869530,12.274805152,1,-4.857835168457031,7.186196282958984,3.9264907226562498
5870031870467,12.294806089,1,-4.370615130615234,5.697002850341796,0.6440402465820312
5870051871613,12.314807235,1,-5.246892938232421,5.379771130371093,1.1719617126464843
5870071863957,12.334799579,1,-6.943184814453125,6.350619903564453,4.083310931396484
5870091869269,12.354804891,1,-7.4699091796875,7.74404526977539,6.25006343383789
5870111866769,12.374802391,1,-7.6087728759765625,8.616731774902343,7.643488800048828
5870131870675,12.394806297,1,-5.9974751586914055,7.693767034912109,7.819462622070312
5870151872186,12.414807808,1,-5.354632012939453,6.0896519226074215,5.801150622558594
5870171863957,12.434799579,1,-4.00310517578125,7.218518005371093,3.6583401367187496
5870191869686,12.454805308,1,-2.3594857360839843,6.7803791015625,2.033874310302734
5870211868644,12.474804266,1,-3.4572271972656248,4.396951348876953,0.07781155395507812
5870231869686,12.494805308,1,-1.9045874206542968,4.639962817382812,0.689530078125
5870251868957,12.514804579,1,-1.0474632263183594,5.914875201416015,5.051765502929687
5870271862707,12.534798329,1,-5.681440539550781,5.740098480224609,6.68461103515625
5870291868852,12.554804474,1,-5.971138940429687,7.279570147705078,8.030152368164062
5870311868800,12.574804422,1,-6.527790826416015,7.869740856933594,4.183867401123047
5870331869009,12.594804631,1,-4.109647149658203,7.772775689697265,1.5969325073242187
5870351869634,12.614805256,1,-2.981978167724609,6.7277066650390625,1.7609353210449217
5870371862394,12.634798016,1,-2.825157958984375,5.5844753723144525,3.305195391845703
5870391870675,12.654806297,1,-3.1926679138183593,4.580107775878906,4.429273071289062
5870411868488,12.67480411,1,-4.1946413085937495,5.336675500488281,5.373785626220703
5870431866665,12.694802287,1,-4.801571429443359,6.946776116943359,4.853046765136718
5870451870206,12.714805828,1,-4.904522100830078,7.930792999267577,4.491522314453125
5870471863592,12.734799214,1,-4.097676141357422,7.293935357666015,4.4568063903808595
5870491870467,12.754806089,1,-3.985148663330078,5.9974751586914055,3.877409588623047
5870511869894,12.774805516,1,-4.704606262207031,5.080495922851562,3.907337109375
5870531869477,12.794805099,1,-5.550956549072265,5.816712933349609,4.722562774658203
5870551870571,12.814806193,1,-5.762843395996094,7.602787371826172,6.606799481201172
5870571863383,12.834799005,1,-5.778405706787109,8.56166513671875,8.122329132080077
5870591870883,12.854806505,1,-6.228515618896484,7.809885815429687,6.56968935546875
5870611868175,12.874803797,1,-4.997895965576172,6.647500909423828,4.714183068847656
5870631868592,12.894804214,1,-3.0502129150390624,5.555744952392578,2.2924480895996093
5870651869113,12.914804735,1,-2.7928362365722657,5.070919116210937,0.8954314208984374
5870671864842,12.934800464,1,-2.2481553588867187,6.113593939208984,2.3546973327636715
5870691910363,12.954845985,1,-2.3068132995605466,6.678625531005859,4.622006304931641
5870711871404,12.974807026,1,-3.6248213134765623,5.691017346191406,5.00507857055664
5870731869738,12.99480536,1,-3.1962592163085937,5.365405920410156,4.704606262207031
5870751870154,13.014805776,1,-3.151966485595703,6.117185241699218,5.391742138671875
5870771864477,13.034800099,1,-3.403357659912109,7.192181787109375,6.133944653320312
5870791869633,13.054805255,1,-4.1192239562988275,6.910863092041015,5.744886883544922
5870811867498,13.07480312,1,-3.8893805969238278,5.961562133789062,4.900930798339844
5870831870779,13.094806401,1,-3.6930560607910152,6.204573602294921,4.384980340576171
5870851869060,13.114804682,1,-3.2022447204589843,7.003039855957031,4.879382983398437
5870871863592,13.134799214,1,-3.379415643310547,6.555324145507812,4.929661218261718
5870891868227,13.154803849,1,-4.371812231445312,5.321113189697265,4.791994622802734
5870911868175,13.174803797,1,-4.44962378540039,6.228515618896484,5.517437725830078
5870931871040,13.194806662,1,-5.066130712890625,7.286752752685547,5.1714755859374995
5870951869633,13.214805255,1,-5.979518646240234,7.302315063476562,4.836287353515624
5870971862706,13.234798328,1,-6.112396838378906,6.499060406494141,5.4013189453125
5870991869477,13.254805099,1,-6.241683728027343,6.045359191894531,5.491101507568359
5871011869112,13.274804734,1,-5.2624552490234375,6.5026517089843745,4.667496136474609
5871031870623,13.294806245,1,-4.618415002441406,6.581660363769531,3.4668040039062498
5871051870206,13.314805828,1,-4.083310931396484,6.228515618896484,2.3044190979003907
5871071864581,13.334800203,1,-3.651157531738281,6.050147595214844,2.6659435485839844
5871091869581,13.354805203,1,-3.276464971923828,6.8402341430664055,4.544194750976562
5871111869790,13.374805412,1,-3.1854853088378903,6.570886456298828,6.34583150024414
5871131869581,13.394805203,1,-4.174290594482422,7.495048297119141,7.334636785888671
5871151872342,13.414807964,1,-3.4644098022460934,7.277175946044921,6.807912420654296
5871171864581,13.434800203,1,-3.0933085449218747,5.896918688964844,3.870226983642578
5871191870415,13.454806037,1,-1.820790362548828,5.252878442382812,2.375048046875
5871211869529,13.474805151,1,-0.9624690673828125,5.082890124511718,1.9069816223144531
5871231870258,13.49480588,1,-1.5203180541992187,4.777629412841796,1.3108254089355469
5871251868592,13.514804214,1,-2.1631611999511717,5.414487054443359,1.2174515441894531
5871271862862,13.534798484,1,-3.9169139160156248,6.461950280761719,3.0526071166992184
5871291868123,13.554803745,1,-6.130353350830077,7.6279264892578125,5.706579656982422
5871311871560,13.574807182,1,-6.075286712646484,9.205705383300781,9.244012609863281
5871331933383,13.594869005,1,-6.305130072021484,8.42160433959961,10.566809027099609
5871351878748,13.61481437,1,-4.578910675048828,6.386532928466797,7.704540942382812
5871371867550,13.634803172,1,-4.929661218261718,4.458003491210937,3.034650604248047
5871391869425,13.654805047,1,-2.7521348083496093,6.069301208496094,1.9033903198242186
5871411869633,13.674805255,1,-3.258508459472656,7.364564306640625,1.9883844787597655
5871431870258,13.69480588,1,-3.1268273681640624,7.167042669677734,4.4568063903808595
5871451869321,13.714804943,1,-4.299986181640625,6.137535955810547,5.49708701171875
5871471864633,13.734800255,1,-5.042188696289062,5.606023187255859,5.389347937011719
5871491869269,13.754804891,1,-6.513425616455078,6.471527087402343,4.799177227783203
5871511913227,13.774848849,1,-5.5545478515625,8.620323077392577,4.6818613464355465
5871531869737,13.794805359,1,-5.318718988037109,8.629899884033202,4.08570513305664
5871551870414,13.814806036,1,-4.460397692871093,7.212532501220703,4.5884874816894525
5871571863435,13.834799057,1,-4.3825861389160155,5.555744952392578,4.733336682128906
5871591869581,13.854805203,1,-4.012681982421875,4.90931050415039,3.954024041748047
5871611868383,13.874804005,1,-2.626439221191406,5.6754550354003905,3.4632127014160154
5871631869841,13.894805463,1,-1.9428946472167967,6.302735870361328,3.7002386657714843
5871651869373,13.914804995,1,-1.7106570861816406,6.179434484863281,4.859032269287109
5871671862862,13.934798484,1,-2.8981811096191405,5.510255120849609,4.35385571899414
5871691869841,13.954805463,1,-4.3813890380859375,6.528987927246093,2.8526912780761715
5871711869946,13.974805568,1,-4.599261389160156,7.900865478515625,2.6994623718261717
5871731870675,13.994806297,1,-5.10084663696289,8.26119282836914,3.9468414367675777
5871751869216,14.014804838,1,-5.023035083007812,7.714117749023437,5.219359619140625
5871771863279,14.034798901,1,-5.436034869384765,5.780799908447265,5.219359619140625
5871791868696,14.054804318,1,-5.373785626220703,4.39216294555664,4.491522314453125
5871811875883,14.074811505,1,-4.7393221862792965,4.722562774658203,3.265691064453125
5871831872602,14.094808224,1,-4.31554849243164,6.392518432617187,2.8622680847167965
5871851871821,14.114807443,1,-5.086481427001953,7.95473501586914,4.013879083251953
5871871864529,14.134800151,1,-6.038176586914062,8.010998754882811,6.402095239257812
5871891872862,14.154808484,1,-5.3007624755859375,7.449558465576171,6.373364819335937
5871911875206,14.174810828,1,-4.667496136474609,6.082469317626953,5.279214660644531
5871931871404,14.194807026,1,-4.414907861328125,5.021837982177734,3.465606903076172
5871951870570,14.214806192,1,-3.774458917236328,5.0960582336425775,2.977189764404297
5871971863123,14.234798745,1,-4.2125978210449215,5.645527514648437,3.1471780822753903
5871991869112,14.254804734,1,-4.854243865966796,6.436811163330078,4.371812231445312
5872011912445,14.274848067,1,-5.049371301269531,6.9336080078124995,6.0142345703124995
5872031882550,14.294818172,1,-5.187037896728516,6.6271501953125,5.274426257324219
5872051869529,14.314805151,1,-5.23492192993164,6.312312677001953,4.465186096191406
5872071866404,14.334802026,1,-5.1511248718261715,6.426037255859375,4.246116644287109
5872091871091,14.354806713,1,-5.2816088623046875,6.773196496582031,3.756502404785156
5872111898904,14.374834526,1,-5.135562561035156,6.816292126464844,3.398569256591797
5872131928695,14.394864317,1,-3.892971899414062,5.896918688964844,3.5338416503906247
5872151873018,14.41480864,1,-3.2321722412109373,5.013458276367187,4.447229583740234
5872171869529,14.434805151,1,-3.153163586425781,5.123591552734375,5.000290167236328
5872191867497,14.454803119,1,-4.6076410949707025,4.8314989501953125,5.370194323730469
5872211869997,14.474805619,1,-5.529408734130859,5.562927557373047,4.98592495727539
5872231869685,14.494805307,1,-5.748478186035156,7.254431030273437,4.097676141357422
5872251870102,14.514805724,1,-5.501875415039062,7.886500268554687,3.4249054748535155
5872271863279,14.534798901,1,-4.687846850585937,6.563703851318359,3.6643256408691403
5872291868175,14.554803797,1,-4.331110803222656,4.308365887451171,4.44363828125
5872311865570,14.574801192,1,-4.254496350097656,4.5693338684082025,4.8494554626464845
5872331869737,14.594805359,1,-5.258863946533203,6.5589154479980465,4.7955859252929685
5872351870310,14.614805932,1,-5.322310290527343,8.119934930419921,3.9276878234863277
5872371863383,14.634799005,1,-5.408501550292969,7.30351216430664,3.2549171569824216
5872391870049,14.654805671,1,-5.504269616699219,5.335478399658203,2.280477081298828
5872411869633,14.674805255,1,-5.945999822998046,5.608417388916015,3.489548919677734
5872431869789,14.694805411,1,-4.375403533935547,6.580463262939452,5.653907220458984
5872451869685,14.714805307,1,-3.7708676147460936,5.500678314208984,7.362170104980469
5872471864737,14.734800359,1,-4.510675927734375,5.859808563232422,6.381744525146484
5872491871872,14.754807494,1,-6.0345852844238275,8.596381060791016,5.348646508789062
5872511869893,14.774805515,1,-5.033808990478516,8.684966522216797,4.412513659667969
5872531869581,14.794805203,1,-5.2444987365722655,7.46272657470703,3.563769171142578
5872551871195,14.814806817,1,-4.712985968017578,6.0537388977050774,3.2549171569824216
5872571864424,14.834800046,1,-2.6144682128906247,5.3199160888671875,1.9141642272949217
5872591869945,14.854805567,1,-0.8607154968261719,3.287238879394531,0.2442085693359375
5872611869945,14.874805567,1,-0.9050082275390624,1.763329522705078,1.131260284423828
5872631870362,14.894805984,1,-3.2716765686035156,2.6587609436035153,4.346673114013671
5872651911664,14.914847286,1,-8.647856396484375,8.602366564941406,8.865728747558594
5872671866039,14.934801661,1,-9.567229833984374,11.04564935913086,7.262810736083984
5872691869268,14.95480489,1,-9.629479077148437,9.376890802001952,3.5051112304687497
5872711869476,14.974805098,1,-8.027758166503906,7.001842755126953,2.8622680847167965
5872731871039,14.994806661,1,-6.099228729248047,5.45877978515625,4.3634325256347655
5872751910831,15.014846453,1,-5.359420416259765,4.454412188720703,5.5449710449218745
5872771863435,15.034799057,1,-4.796783026123046,3.1507693847656246,3.9707834533691404
5872791869581,15.054805203,1,-5.681440539550781,3.5721488769531247,3.438073583984375
